Date,Subways: Total Estimated Ridership,Subways: % Change From Pre-Pandemic Equivalent Day,Buses: Total Estimated Ridership,Buses: % Change From Pre-Pandemic Equivalent Day,LIRR: Total Estimated Ridership,LIRR: % Change From 2019 Monthly Weekday/Saturday/Sunday Average,Metro-North: Total Estimated Ridership,Metro-North: % Change From 2019 Monthly Weekday/Saturday/Sunday Average,Access-A-Ride: Total Scheduled Trips,Access-A-Ride: % Change From Pre-Pandemic Equivalent Day,Bridges and Tunnels: Total Traffic,Bridges and Tunnels: % Change From Pre-Pandemic Equivalent Day
11/23/2021,"3,264,258",-44.10%,"1,309,118",-43.20%,"162,200",-44%,"136,600",-47%,"22,574",-29.20%,"989,345",-0.80%
11/22/2021,"3,123,920",-45.50%,"1,384,593",-39.10%,"156,900",-46%,"127,800",-52%,"21,441",-28.30%,"901,942",-0.40%
11/21/2021,"1,674,592",-25.70%,"668,273",-28.30%,"80,500",-14%,"66,900",-17%,,,"841,901",11.50%
11/20/2021,"2,136,409",-33.00%,"857,104",-36.90%,"94,400",-16%,"82,900",-14%,,,"915,131",2.00%
11/19/2021,"3,253,680",-44.00%,"1,409,210",-35.70%,"151,800",-49%,"127,100",-53%,"22,662",-25.50%,"987,149",0.90%
11/18/2021,"3,417,348",-43.10%,"1,498,026",-35.80%,"157,400",-45%,"132,600",-49%,"24,071",-25.80%,"959,226",-0.10%
11/17/2021,"3,374,032",-43.10%,"1,496,181",-35.70%,"158,400",-45%,"131,100",-49%,"24,396",-27.20%,"915,266",-1.40%
11/16/2021,"3,345,678",-43.30%,"1,488,967",-35.90%,"161,400",-44%,"137,200",-47%,"23,694",-27.50%,"902,386",-0.80%
11/15/2021,"3,115,244",-44.50%,"1,436,560",-33.90%,"161,000",-45%,"132,200",-50%,"22,208",-25.30%,"890,524",0.90%
11/14/2021,"1,704,908",-30.00%,"657,129",-35.00%,"72,500",-22%,"62,900",-22%,"12,460",-34.30%,"858,311",4.60%
11/13/2021,"2,172,149",-32.90%,"815,114",-38.10%,"80,800",-28%,"74,300",-23%,"13,124",-24.90%,"869,112",-3.80%
11/12/2021,"3,164,764",-46.20%,"1,350,608",-39.40%,"141,700",-53%,"117,700",-56%,"21,598",-31.00%,"919,941",-7.10%
11/11/2021,"2,927,728",-39.00%,"1,198,235",-33.90%,"143,400",-50%,"122,900",-53%,"19,846",-10.20%,"895,643",5.40%
11/10/2021,"3,359,437",-42.40%,"1,514,453",-31.00%,"159,300",-44%,"134,400",-48%,"24,608",-23.70%,"926,005",0.90%
11/09/2021,"3,287,134",-43.40%,"1,518,264",-30.80%,"157,200",-46%,"134,100",-48%,"24,504",-22.40%,"898,518",1.20%
11/08/2021,"3,072,454",-47.20%,"1,461,178",-36.80%,"159,700",-45%,"131,100",-51%,"22,136",-26.50%,"889,544",-3.20%
11/07/2021,"1,891,963",-34.30%,"614,513",-38.00%,"81,200",-13%,"72,200",-10%,"10,647",-37.00%,"780,686",0.50%
11/06/2021,"2,198,274",-32.10%,"864,499",-33.90%,"84,900",-25%,"80,800",-16%,"13,672",-22.90%,"910,587",-0.40%
11/05/2021,"3,300,207",-43.70%,"1,457,014",-33.30%,"150,200",-50%,"121,800",-55%,"23,009",-22.30%,"966,007",-1.50%
11/04/2021,"3,291,525",-45.40%,"1,486,942",-36.40%,"151,400",-47%,"126,500",-51%,"24,009",-25.50%,"931,012",-2.50%
11/03/2021,"3,301,103",-45.20%,"1,507,287",-36.60%,"154,200",-46%,"131,000",-49%,"23,349",-29.90%,"901,230",-3.70%
11/02/2021,"2,853,901",-48.50%,"1,258,180",-40.20%,"147,800",-49%,"129,300",-50%,"22,016",-27.80%,"853,432",-4.30%
11/01/2021,"3,041,089",-47.80%,"1,448,304",-37.40%,"158,400",-46%,"131,300",-51%,"21,387",-29.00%,"898,451",-2.20%
10/31/2021,"1,748,679",-30.50%,"656,203",-37.60%,"68,700",-27%,"66,300",-18%,"12,233",-37.00%,"824,978",-3.90%
10/30/2021,"2,046,487",-38.90%,"819,620",-40.90%,"76,500",-32%,"69,300",-28%,"12,642",-30.60%,"854,656",-7.70%
10/29/2021,"3,258,376",-45.30%,"1,426,938",-37.00%,"153,300",-49%,"122,600",-54%,"22,477",-25.70%,"963,442",-2.80%
10/28/2021,"3,373,576",-41.60%,"1,515,489",-30.20%,"159,600",-45%,"132,200",-49%,"24,814",-14.50%,"959,835",8.30%
10/27/2021,"3,307,634",-45.10%,"1,503,535",-36.30%,"155,900",-46%,"129,900",-50%,"24,144",-24.80%,"914,494",-1.20%
10/26/2021,"2,707,913",-54.70%,"1,233,660",-46.90%,"130,100",-55%,"104,500",-60%,"21,220",-31.80%,"738,636",-19.10%
10/25/2021,"3,001,962",-47.90%,"1,461,023",-37.00%,"158,300",-46%,"125,800",-53%,"21,724",-24.80%,"883,887",-3.30%
10/24/2021,"1,601,835",-27.30%,"659,283",-24.40%,"69,600",-26%,"68,200",-15%,"12,314",-28.10%,"883,371",13.70%
10/23/2021,"2,079,731",-37.70%,"847,596",-39.40%,"74,700",-34%,"82,900",-14%,"13,556",-24.00%,"914,737",-3.90%
10/22/2021,"3,232,113",-45.30%,"1,471,199",-35.90%,"145,800",-51%,"126,600",-53%,"22,843",-24.30%,"986,548",-2.00%
10/21/2021,"3,275,195",-46.50%,"1,476,434",-38.00%,"149,900",-48%,"127,300",-51%,"24,007",-25.20%,"948,652",-3.70%
10/20/2021,"3,241,475",-46.50%,"1,525,608",-36.40%,"155,200",-46%,"131,100",-49%,"24,474",-25.30%,"916,246",-3.10%
10/19/2021,"3,185,458",-45.10%,"1,510,722",-33.30%,"153,400",-47%,"130,000",-50%,"23,403",-22.00%,"899,389",2.80%
10/18/2021,"2,989,693",-47.30%,"1,461,843",-36.20%,"153,700",-47%,"127,400",-52%,"21,454",-21.90%,"889,996",1.80%
10/17/2021,"1,631,844",-33.00%,"663,944",-32.20%,"74,800",-20%,"69,700",-13%,"12,564",-32.60%,"891,527",6.90%
10/16/2021,"2,044,396",-39.20%,"856,990",-38.00%,"83,400",-26%,"74,900",-22%,"13,307",-24.70%,"896,392",-6.10%
10/15/2021,"3,233,854",-46.10%,"1,491,099",-34.70%,"150,900",-50%,"124,700",-54%,"23,251",-22.80%,"990,940",-3.70%
10/14/2021,"3,248,072",-46.60%,"1,527,543",-34.00%,"154,600",-46%,"126,800",-51%,"24,144",-23.00%,"952,876",-1.70%
10/13/2021,"3,164,655",-45.90%,"1,511,356",-31.10%,"151,300",-47%,"124,800",-52%,"24,396",-21.60%,"907,632",-0.20%
10/12/2021,"3,110,171",-47.10%,"1,514,608",-35.60%,"154,600",-46%,"128,200",-51%,"23,848",-21.30%,"910,639",-0.40%
10/11/2021,"2,267,498",-46.80%,"1,045,865",-36.00%,"131,700",-55%,"114,500",-57%,"16,917",-11.10%,"878,443",2.90%
10/10/2021,"1,499,551",-43.60%,"601,821",-44.20%,"65,600",-30%,"59,000",-27%,"11,794",-36.20%,"806,025",-10.00%
10/09/2021,"2,052,746",-37.20%,"856,308",-37.90%,"84,600",-25%,"82,000",-15%,"13,634",-22.10%,"919,384",-2.20%
10/08/2021,"3,175,133",-45.90%,"1,473,912",-35.40%,"153,800",-49%,"123,600",-54%,"23,356",-21.70%,"1,001,210",-3.00%
10/07/2021,"3,198,045",-47.10%,"1,523,168",-35.80%,"150,100",-48%,"121,400",-53%,"24,571",-21.90%,"951,212",-2.10%
10/06/2021,"3,147,958",-47.10%,"1,532,668",-36.60%,"149,600",-48%,"123,100",-52%,"24,678",-20.50%,"913,993",-1.30%
10/05/2021,"3,098,187",-45.90%,"1,499,767",-35.00%,"150,200",-48%,"124,700",-52%,"23,644",-22.20%,"887,129",1.00%
10/04/2021,"2,870,940",-49.80%,"1,419,155",-39.60%,"152,600",-47%,"121,300",-54%,"21,794",-25.20%,"871,945",-3.60%
10/03/2021,"1,577,642",-37.40%,"673,253",-37.40%,"74,900",-20%,"66,800",-17%,"12,936",-32.80%,"887,540",2.00%
10/02/2021,"2,066,222",-38.10%,"883,902",-37.20%,"86,600",-23%,"80,900",-16%,"14,145",-20.20%,"923,455",-1.30%
10/01/2021,"3,169,206",-47.20%,"1,492,942",-36.00%,"140,000",-53%,"116,200",-57%,"23,098",-22.70%,"985,786",-1.90%
9/30/2021,"3,153,965",-47.60%,"1,516,081",-34.30%,"144,800",-50%,"121,800",-53%,"23,555",-25.40%,"953,501",1.80%
9/29/2021,"3,070,509",-48.40%,"1,513,184",-37.40%,"137,500",-52%,"120,000",-54%,"23,323",-24.90%,"886,785",-4.20%
9/28/2021,"2,934,542",-51.20%,"1,457,421",-38.90%,"141,200",-51%,"118,300",-55%,"21,727",-27.80%,"831,192",-9.90%
9/27/2021,"2,880,083",-50.00%,"1,489,441",-36.40%,"146,200",-50%,"121,500",-54%,"21,209",-24.30%,"881,116",-4.60%
9/26/2021,"1,616,915",-36.30%,"657,257",-39.90%,"80,100",-14%,"64,900",-19%,"12,034",-35.70%,"895,286",-2.50%
9/25/2021,"2,132,211",-33.60%,"872,490",-37.40%,"88,500",-22%,"81,300",-16%,"13,909",-18.30%,"953,628",-1.80%
9/24/2021,"3,128,041",-46.90%,"1,469,705",-36.30%,"142,800",-52%,"116,700",-57%,"21,941",-23.50%,"986,694",-3.40%
9/23/2021,"3,022,830",-50.20%,"1,483,075",-37.40%,"140,100",-51%,"115,500",-56%,"23,031",-24.70%,"915,198",-6.00%
9/22/2021,"3,027,925",-50.10%,"1,506,211",-37.30%,"139,900",-51%,"120,100",-54%,"23,157",-27.20%,"872,883",-7.90%
9/21/2021,"3,025,310",-49.70%,"1,505,803",-36.80%,"142,700",-51%,"123,900",-52%,"22,399",-25.50%,"860,050",-6.80%
9/20/2021,"2,889,759",-49.80%,"1,481,676",-36.80%,"148,100",-49%,"122,100",-54%,"21,889",-21.90%,"895,109",-3.00%
9/19/2021,"1,598,720",-38.90%,"674,024",-39.80%,"69,400",-26%,"64,100",-20%,"12,612",-32.60%,"914,623",-2.10%
9/18/2021,"2,017,430",-39.30%,"871,175",-38.90%,"77,300",-31%,"76,300",-21%,"14,054",-20.50%,"949,178",-2.50%
9/17/2021,"3,034,676",-49.30%,"1,456,201",-37.40%,"142,100",-53%,"119,300",-56%,"23,282",-19.30%,"982,085",-3.20%
9/16/2021,"2,539,853",-57.90%,"1,210,069",-50.00%,"128,000",-56%,"107,700",-59%,"20,826",-32.80%,"864,413",-11.80%
9/15/2021,"2,993,744",-50.10%,"1,503,627",-38.20%,"139,900",-51%,"116,400",-55%,"23,966",-25.40%,"904,733",-4.20%
9/14/2021,"3,017,947",-49.40%,"1,511,145",-37.60%,"144,900",-50%,"120,500",-54%,"23,132",-24.70%,"908,024",-2.50%
9/13/2021,"2,858,929",-49.70%,"1,441,516",-39.10%,"147,800",-49%,"122,500",-54%,"21,898",-22.50%,"914,827",-1.50%
09/12/2021,"1,591,655",-37.90%,"694,561",-37.40%,"77,000",-18%,"59,000",-27%,"12,239",-33.80%,"899,864",-2.10%
09/11/2021,"1,985,273",-36.70%,"870,791",-37.10%,"82,200",-27%,"65,300",-32%,"13,070",-22.60%,"917,704",-2.30%
09/10/2021,"2,845,820",-51.60%,"1,322,430",-43.60%,"150,900",-50%,"113,500",-58%,"23,037",-21.90%,"995,486",-2.00%
09/09/2021,"2,708,091",-54.50%,"1,249,341",-48.00%,"139,500",-52%,"111,700",-57%,"23,653",-23.90%,"911,040",-6.20%
09/08/2021,"2,534,847",-54.00%,"1,192,895",-45.30%,"135,700",-53%,"110,900",-57%,"22,354",-26.60%,"896,020",-4.40%
09/07/2021,"2,238,469",-57.90%,"1,102,372",-48.10%,"137,600",-52%,"113,700",-56%,"21,143",-26.20%,"902,400",-5.20%
09/06/2021,"1,523,354",-31.70%,"733,947",-22.60%,"77,900",-17%,"51,300",-81%,"10,077",5.50%,"812,884",9.60%
09/05/2021,"1,416,893",-43.20%,"618,622",-42.90%,"71,000",-24%,"45,200",-44%,"11,931",-36.30%,"832,200",-7.20%
09/04/2021,"1,779,743",-39.00%,"834,456",-37.70%,"84,800",-25%,"57,100",-41%,"13,382",-18.20%,"927,358",-1.50%
09/03/2021,"2,394,842",-51.20%,"1,221,668",-39.00%,"139,800",-53%,"97,900",-64%,"22,585",-15.50%,"1,014,806",-1.90%
09/02/2021,"1,664,178",-68.50%,"1,188,941",-43.00%,"105,600",-63%,N/A,N/A,"21,179",-24.20%,"851,145",-16.70%
09/01/2021,"2,298,999",-55.80%,"1,086,148",-46.30%,"118,400",-59%,"90,600",-65%,"20,878",-28.10%,"811,053",-14.20%
8/31/2021,"2,537,974",-51.30%,"1,246,463",-39.40%,"133,600",-54%,"99,900",-62%,"22,724",-19.40%,"936,181",-0.50%
8/30/2021,"2,325,695",-52.30%,"1,182,908",-39.00%,"131,600",-55%,"97,100",-63%,"19,224",-24.30%,"911,105",-1.60%
8/29/2021,"1,400,642",-43.90%,"630,281",-41.80%,"68,800",-26%,"54,100",-33%,"11,558",-38.30%,"890,505",-0.70%
8/28/2021,"1,661,095",-43.00%,"776,489",-42.00%,"69,000",-39%,"56,200",-42%,"12,760",-22.00%,"890,293",-5.40%
8/27/2021,"2,392,602",-51.30%,"1,147,249",-42.70%,"119,700",-60%,"90,500",-66%,"21,211",-20.60%,"973,335",-5.90%
8/26/2021,"2,485,132",-52.90%,"1,222,996",-41.30%,"122,100",-58%,"91,000",-65%,"22,068",-21.10%,"950,534",-6.90%
8/25/2021,"2,503,420",-51.80%,"1,236,342",-38.90%,"127,400",-56%,"93,300",-64%,"23,351",-19.60%,"957,036",1.30%
8/24/2021,"2,467,406",-52.70%,"1,234,884",-40.00%,"130,600",-55%,"98,300",-62%,"22,679",-19.60%,"942,935",0.20%
8/23/2021,"2,056,731",-57.80%,"1,032,792",-46.70%,"110,000",-62%,"84,200",-68%,"18,809",-25.90%,"821,654",-11.20%
8/22/2021,"745,800",-68.00%,"369,246",-66.50%,"27,500",-71%,"16,100",-80%,"7,979",-55.00%,"489,334",-47.30%
8/21/2021,"1,716,439",-40.80%,"822,340",-40.30%,"72,800",-35%,"62,000",-36%,"13,046",-21.00%,"941,331",-4.40%
8/20/2021,"2,460,924",-49.60%,"1,183,308",-37.70%,"124,600",-58%,"99,500",-63%,"21,451",-20.70%,"969,814",-4.20%
8/19/2021,"2,444,495",-52.10%,"1,194,375",-39.90%,"117,400",-59%,"93,000",-64%,"21,838",-22.80%,"939,085",-5.80%
8/18/2021,"2,450,516",-51.70%,"1,210,760",-38.80%,"117,200",-59%,"97,900",-62%,"22,715",-22.10%,"917,872",-3.60%
8/17/2021,"2,432,692",-52.40%,"1,209,633",-39.90%,"120,700",-58%,"103,600",-60%,"22,245",-21.50%,"909,180",-4.50%
8/16/2021,"2,292,396",-52.50%,"1,170,216",-39.00%,"123,900",-57%,"100,300",-62%,"20,087",-22.70%,"910,779",-3.20%
8/15/2021,"1,430,620",-37.10%,"661,705",-39.20%,"73,000",-22%,"54,400",-32%,"12,395",-30.90%,"918,288",0.70%
8/14/2021,"1,718,222",-40.00%,"811,826",-41.30%,"75,700",-33%,"57,700",-40%,"13,157",-20.70%,"904,780",-4.50%
8/13/2021,"2,434,624",-51.50%,"1,189,426",-39.90%,"123,800",-59%,"91,900",-66%,"21,336",-21.20%,"973,883",-3.40%
08/12/2021,"2,453,353",-53.90%,"1,223,666",-40.40%,"119,700",-58%,"90,800",-65%,"22,427",-22.10%,"965,578",-3.20%
08/11/2021,"2,480,877",-52.70%,"1,246,306",-38.50%,"119,700",-58%,"94,700",-63%,"23,338",-22.20%,"931,264",-1.70%
08/10/2021,"2,447,231",-52.40%,"1,245,670",-36.90%,"122,500",-58%,"95,300",-63%,"23,079",-18.20%,"905,508",-0.10%
08/09/2021,"2,294,279",-54.40%,"1,183,050",-40.50%,"109,900",-62%,"95,600",-64%,"20,540",-21.60%,"891,525",-5.80%
08/08/2021,"1,333,885",-46.20%,"598,574",-45.60%,"61,100",-35%,"54,300",-32%,"11,934",-33.00%,"843,489",-7.80%
08/07/2021,"1,780,458",-41.10%,"836,715",-39.30%,"76,800",-32%,"67,300",-30%,"14,108",-17.00%,"923,751",-5.60%
08/06/2021,"2,523,944",-51.20%,"1,222,343",-39.30%,"123,200",-59%,"101,200",-62%,"22,179",-19.00%,"979,833",-4.20%
08/05/2021,"2,534,287",-53.40%,"1,259,332",-40.10%,"120,000",-58%,"98,300",-62%,"22,610",-22.20%,"956,306",-4.40%
08/04/2021,"2,534,018",-51.80%,"1,257,876",-36.80%,"123,700",-57%,"99,300",-62%,"23,611",-19.70%,"921,068",0.60%
08/03/2021,"2,489,064",-53.50%,"1,262,043",-40.30%,"123,900",-57%,"103,200",-60%,"22,828",-21.70%,"904,753",-3.20%
08/02/2021,"2,338,722",-54.50%,"1,208,484",-41.40%,"126,200",-57%,"102,300",-62%,"19,824",-26.10%,"903,514",-4.00%
08/01/2021,"1,351,294",-44.80%,"629,963",-44.30%,"66,000",-29%,"52,000",-35%,"11,627",-37.00%,"869,092",-6.10%
7/31/2021,"1,841,007",-38.80%,"857,333",-38.60%,"85,400",-24%,"67,100",-30%,"13,932",-16.40%,"953,445",1.50%
7/30/2021,"2,562,489",-50.90%,"1,235,623",-39.70%,"131,900",-56%,"103,500",-61%,"22,127",-19.20%,"988,596",-3.00%
7/29/2021,"2,433,507",-55.50%,"1,186,642",-44.90%,"120,300",-58%,"94,700",-64%,"22,164",-23.30%,"918,380",-9.00%
7/28/2021,"2,539,760",-52.60%,"1,276,296",-37.60%,"126,800",-56%,"100,000",-61%,"23,145",-21.40%,"932,094",-1.30%
7/27/2021,"2,493,079",-53.80%,"1,267,804",-40.20%,"128,300",-56%,"103,000",-60%,"22,609",-21.90%,"918,908",-3.10%
7/26/2021,"2,323,169",-54.90%,"1,219,135",-40.90%,"129,900",-55%,"101,300",-62%,"19,910",-24.60%,"907,205",-3.90%
7/25/2021,"1,364,830",-44.00%,"625,645",-44.40%,"66,400",-29%,"53,100",-34%,"11,419",-36.90%,"864,361",-9.20%
7/24/2021,"1,852,402",-39.30%,"856,250",-38.80%,"84,900",-25%,"68,600",-29%,"14,042",-16.90%,"950,568",-3.40%
7/23/2021,"2,557,043",-51.90%,"1,219,255",-40.20%,"130,500",-56%,"101,100",-62%,"22,314",-19.20%,"985,198",-5.10%
7/22/2021,"2,587,338",-53.50%,"1,279,778",-40.50%,"127,300",-56%,"102,300",-61%,"23,122",-21.20%,"963,493",-5.00%
7/21/2021,"2,509,502",-55.20%,"1,225,595",-43.80%,"121,500",-58%,"104,900",-59%,"22,865",-24.80%,"914,902",-6.60%
7/20/2021,"2,467,017",-53.30%,"1,217,802",-40.00%,"125,800",-56%,"107,000",-59%,"22,213",-23.50%,"924,495",1.00%
7/19/2021,"2,332,473",-53.90%,"1,208,792",-39.30%,"126,700",-56%,"103,400",-61%,"20,276",-23.00%,"897,298",-1.70%
7/18/2021,"1,405,344",-35.50%,"640,618",-37.90%,"67,400",-28%,"56,200",-30%,"11,313",-26.80%,"838,604",-4.00%
7/17/2021,"1,717,480",-35.10%,"795,347",-37.40%,"73,000",-35%,"64,500",-33%,"13,228",-11.80%,"897,001",-3.00%
7/16/2021,"2,541,195",-51.20%,"1,219,118",-40.60%,"123,500",-59%,"104,300",-61%,"21,730",-19.40%,"983,846",-4.30%
7/15/2021,"2,586,791",-52.20%,"1,275,846",-37.60%,"125,600",-56%,"105,200",-60%,"23,772",-18.00%,"971,048",-0.70%
7/14/2021,"2,522,633",-54.00%,"1,260,044",-40.40%,"120,500",-58%,"101,800",-61%,"23,662",-22.50%,"919,213",-2.90%
7/13/2021,"2,462,643",-55.60%,"1,239,045",-42.80%,"123,400",-57%,"105,300",-59%,"22,286",-25.70%,"895,705",-6.30%
07/12/2021,"2,249,975",-57.50%,"1,171,521",-44.10%,"120,500",-59%,"99,000",-63%,"20,623",-23.60%,"866,231",-8.80%
07/11/2021,"1,367,403",-43.90%,"635,511",-43.70%,"62,600",-33%,"53,200",-34%,"11,725",-34.80%,"830,775",-12.50%
07/10/2021,"1,783,921",-41.20%,"855,908",-41.10%,"73,000",-35%,"64,400",-33%,"14,518",-15.30%,"925,950",-6.90%
07/09/2021,"2,322,712",-57.00%,"1,115,969",-45.20%,"109,400",-63%,"88,300",-67%,"20,632",-25.70%,"888,932",-12.60%
07/08/2021,"2,369,035",-56.90%,"1,164,513",-44.00%,"116,300",-60%,"93,200",-64%,"22,941",-22.60%,"897,858",-7.50%
07/07/2021,"2,442,092",-56.20%,"1,234,617",-43.40%,"122,600",-57%,"99,100",-62%,"23,637",-21.40%,"926,634",-3.40%
07/06/2021,"2,306,692",-57.80%,"1,181,416",-45.60%,"127,900",-56%,"100,500",-61%,"22,648",-24.00%,"903,777",-4.80%
07/05/2021,"1,497,714",-35.30%,"770,321",-30.10%,"78,400",-16%,"59,700",-78%,"10,303",-43.10%,"838,087",-9.30%
07/04/2021,"1,470,325",-46.00%,"615,001",-44.90%,"70,200",-25%,"63,900",-20%,"12,816",-1.60%,"773,629",-11.70%
07/03/2021,"1,543,756",-40.50%,"738,089",-42.20%,"63,800",-43%,"57,400",-41%,"12,676",-12.60%,"777,262",-2.10%
07/02/2021,"2,300,302",-41.00%,"1,121,116",-36.30%,"116,500",-61%,"94,300",-65%,"21,489",-3.20%,"920,188",7.60%
07/01/2021,"2,297,059",-58.20%,"1,104,516",-46.90%,"114,400",-60%,"90,000",-65%,"22,011",-25.70%,"933,638",21.40%
6/30/2021,"2,350,864",-55.00%,"1,139,886",-45.30%,"119,400",-58%,"99,500",-62%,"23,001",-23.10%,"945,822",-6.30%
6/29/2021,"2,348,456",-56.00%,"1,169,268",-43.80%,"119,400",-59%,"97,800",-62%,"21,612",-26.80%,"930,011",-1.80%
6/28/2021,"2,256,926",-56.70%,"1,152,019",-43.60%,"122,300",-58%,"101,500",-62%,"20,503",-23.10%,"924,740",-3.50%
6/27/2021,"1,561,403",-48.30%,"656,004",-40.40%,"75,100",-20%,"62,400",-22%,"11,883",-30.40%,"900,039",-3.50%
6/26/2021,"1,855,861",-41.80%,"841,585",-36.90%,"76,600",-32%,"66,700",-31%,"13,520",-15.90%,"950,086",-1.80%
6/25/2021,"2,587,425",-52.70%,"1,214,123",-39.10%,"126,700",-58%,"100,500",-63%,"22,400",-19.70%,"988,675",-5.50%
6/24/2021,"2,557,684",-54.80%,"1,248,843",-40.10%,"121,500",-58%,"100,500",-61%,"22,842",-22.90%,"978,351",-6.30%
6/23/2021,"2,552,443",-56.00%,"1,264,095",-44.00%,"121,900",-57%,"101,900",-61%,"24,223",-21.20%,"946,870",-6.80%
6/22/2021,"2,359,521",-57.30%,"1,172,110",-44.30%,"116,200",-60%,"97,600",-62%,"22,293",-25.30%,"896,868",-6.20%
6/21/2021,"2,268,969",-58.10%,"1,191,844",-43.90%,"123,900",-57%,"95,700",-64%,"20,512",-24.50%,"926,300",-5.50%
6/20/2021,"1,389,352",-47.10%,"652,557",-41.90%,"77,000",-18%,"60,900",-24%,"13,189",-29.50%,"951,631",-1.70%
6/19/2021,"1,784,312",-45.90%,"841,519",-40.00%,"76,500",-32%,"66,100",-31%,"13,949",-19.80%,"952,944",-5.00%
6/18/2021,"2,576,562",-53.60%,"1,235,675",-33.90%,"122,800",-59%,"104,300",-61%,"22,491",-21.20%,"989,296",-3.60%
6/17/2021,"2,557,486",-55.10%,"1,281,552",-37.20%,"121,600",-58%,"98,400",-62%,"23,292",-22.20%,"973,485",-2.60%
6/16/2021,"2,524,189",-56.00%,"1,288,040",-41.30%,"119,200",-58%,"94,700",-63%,"24,788",-20.60%,"945,955",-2.50%
6/15/2021,"2,474,710",-55.90%,"1,277,203",-39.20%,"117,600",-59%,"96,700",-63%,"23,460",-22.20%,"917,933",-1.30%
6/14/2021,"2,227,391",-59.20%,"1,176,722",-46.00%,"115,300",-60%,"91,100",-66%,"21,568",-20.80%,"869,235",-8.50%
6/13/2021,"1,379,959",-40.80%,"647,385",-38.20%,"59,200",-37%,"51,700",-36%,"12,047",-35.40%,"887,098",-4.80%
06/12/2021,"1,775,538",-44.50%,"849,178",-40.50%,"68,200",-40%,"61,500",-36%,"14,450",-19.50%,"919,318",-9.00%
06/11/2021,"2,472,629",-56.70%,"1,221,484",-45.30%,"118,300",-61%,"94,600",-65%,"23,324",-19.30%,"968,763",-7.00%
06/10/2021,"2,478,619",-56.60%,"1,276,901",-41.50%,"113,200",-61%,"91,300",-65%,"23,498",-20.40%,"951,274",-2.10%
06/09/2021,"2,390,612",-59.40%,"1,259,005",-46.00%,"107,900",-62%,"90,600",-65%,"23,868",-25.50%,"908,563",-7.30%
06/08/2021,"2,270,152",-60.60%,"1,175,335",-47.50%,"108,300",-62%,"88,000",-66%,"22,948",-21.90%,"878,376",-8.50%
06/07/2021,"2,227,613",-57.80%,"1,200,737",-41.50%,"112,100",-61%,"89,400",-66%,"21,511",-17.40%,"897,208",2.20%
06/06/2021,"1,363,344",-47.40%,"654,780",-39.70%,"61,900",-34%,"51,500",-36%,"12,514",-30.20%,"921,829",3.40%
06/05/2021,"1,792,204",-45.20%,"874,545",-38.20%,"72,800",-35%,"62,700",-35%,"14,636",-18.10%,"946,758",-2.30%
06/04/2021,"2,314,340",-59.20%,"1,160,335",-48.00%,"104,600",-65%,"88,900",-67%,"22,743",-21.30%,"930,743",-9.70%
06/03/2021,"2,238,336",-60.90%,"1,143,159",-47.20%,"102,800",-64%,"84,800",-67%,"23,026",-22.80%,"895,524",-10.90%
06/02/2021,"2,348,517",-59.20%,"1,249,102",-45.30%,"112,500",-61%,"90,800",-65%,"24,325",-21.30%,"910,385",-5.70%
06/01/2021,"2,263,536",-59.10%,"1,230,127",-41.70%,"114,800",-60%,"94,900",-63%,"22,308",-24.70%,"907,698",-4.60%
5/31/2021,"1,391,302",-46.60%,"702,801",-39.00%,"102,300",-68%,"63,000",-78%,"10,380",-3.80%,"756,187",-20.90%
5/30/2021,"1,066,132",-57.90%,"484,864",-55.30%,"43,400",-55%,"47,200",-55%,"10,028",-44.50%,"664,029",-25.90%
5/29/2021,"1,371,467",-56.80%,"648,192",-54.40%,"54,800",-54%,"71,700",-52%,"11,734",-32.40%,"744,860",-22.90%
5/28/2021,"2,236,646",-61.20%,"1,135,369",-48.70%,"112,800",-65%,"89,300",-69%,"21,520",-22.90%,"931,760",-11.20%
5/27/2021,"2,356,638",-59.00%,"1,246,269",-43.00%,"117,300",-63%,"90,600",-68%,"23,450",-18.10%,"970,920",-0.50%
5/26/2021,"2,280,311",-60.00%,"1,241,052",-43.70%,"114,500",-64%,"86,700",-70%,"23,594",-19.80%,"921,084",-2.80%
5/25/2021,"2,275,628",-58.10%,"1,253,998",-42.40%,"110,900",-65%,"85,900",-70%,"22,854",-19.30%,"902,577",-2.50%
5/24/2021,"2,123,129",-61.70%,"1,192,453",-46.40%,"105,500",-67%,"80,800",-72%,"21,563",-24.20%,"869,940",10.50%
5/23/2021,"1,270,286",-50.10%,"645,466",-39.30%,"58,000",-41%,"63,700",-39%,"11,765",-36.20%,"885,740",1.00%
5/22/2021,"1,647,055",-45.30%,"839,877",-37.00%,"66,300",-44%,"94,500",-37%,"13,397",-15.40%,"911,148",0.90%
5/21/2021,"2,336,140",-56.90%,"1,221,591",-44.50%,"110,100",-66%,"90,900",-68%,"22,520",-19.00%,"965,528",-8.10%
5/20/2021,"2,273,912",-60.00%,"1,243,965",-43.20%,"106,600",-67%,"82,700",-71%,"23,659",-20.40%,"931,659",-8.10%
5/19/2021,"2,261,916",-61.60%,"1,253,578",-46.10%,"104,800",-67%,"82,700",-71%,"23,784",-23.90%,"915,644",-7.70%
5/18/2021,"2,154,370",-63.20%,"1,215,676",-47.60%,"100,400",-69%,"80,300",-72%,"22,367",-25.60%,"838,307",-13.50%
5/17/2021,"2,026,574",-63.70%,"1,157,960",-49.00%,"98,500",-69%,"77,300",-73%,"20,779",-24.70%,"810,018",-16.20%
5/16/2021,"1,201,918",-54.20%,"621,750",-44.30%,"49,200",-50%,"56,800",-45%,"11,062",-40.80%,"814,177",-14.10%
5/15/2021,"1,637,242",-51.90%,"844,096",-40.80%,"63,100",-47%,"91,100",-40%,"13,516",-23.40%,"891,574",-10.40%
5/14/2021,"2,270,937",-60.40%,"1,220,112",-45.50%,"104,900",-67%,"85,700",-70%,"22,437",-21.50%,"947,064",-10.20%
5/13/2021,"2,167,164",-63.40%,"1,182,347",-49.20%,"103,000",-68%,"80,000",-72%,"23,439",-22.20%,"918,259",-10.00%
05/12/2021,"2,186,470",-62.90%,"1,238,990",-47.40%,"98,900",-69%,"77,900",-73%,"23,946",-25.10%,"887,381",-9.30%
05/11/2021,"2,152,549",-62.70%,"1,231,886",-46.70%,"97,400",-70%,"75,400",-74%,"22,751",-23.10%,"873,176",-6.90%
05/10/2021,"1,993,889",-63.40%,"1,149,109",-45.90%,"96,800",-70%,"73,300",-74%,"20,751",-21.20%,"844,563",-6.70%
05/09/2021,"1,108,734",-46.50%,"576,000",-30.90%,"54,100",-45%,"59,300",-43%,"13,897",-29.10%,"854,809",0.30%
05/08/2021,"1,444,674",-55.10%,"779,188",-45.70%,"56,300",-52%,"78,700",-48%,"13,339",-26.50%,"854,156",-13.90%
05/07/2021,"2,241,860",-60.20%,"1,222,741",-45.90%,"101,600",-68%,"83,100",-71%,"22,730",-20.20%,"936,747",-8.10%
05/06/2021,"2,204,111",-62.60%,"1,258,536",-46.80%,"94,200",-70%,"76,000",-73%,"23,792",-22.80%,"905,604",-8.30%
05/05/2021,"2,078,394",-64.60%,"1,158,445",-51.60%,"92,000",-71%,"70,300",-75%,"23,236",-27.10%,"841,968",-12.50%
05/04/2021,"2,124,252",-63.50%,"1,227,250",-48.10%,"93,100",-71%,"72,300",-75%,"22,962",-25.80%,"851,039",-9.10%
05/03/2021,"1,974,754",-65.00%,"1,165,505",-48.90%,"91,100",-71%,"67,100",-77%,"21,492",-24.10%,"828,506",-10.70%
05/02/2021,"1,153,471",-50.50%,"620,063",-26.20%,"41,800",-57%,"51,300",-51%,"11,541",-34.10%,"809,865",1.60%
05/01/2021,"1,515,211",-53.10%,"818,655",-41.00%,"51,100",-57%,"76,300",-49%,"13,263",-24.60%,"849,633",-9.10%
4/30/2021,"2,163,175",-62.30%,"1,185,321",-46.90%,"93,500",-70%,"77,700",-73%,"22,322",-22.20%,"922,720",-8.70%
4/29/2021,"2,032,405",-65.50%,"1,166,096",-50.30%,"88,700",-71%,"69,000",-76%,"22,201",-25.10%,"873,037",-11.20%
4/28/2021,"2,139,820",-63.20%,"1,227,777",-47.80%,"92,100",-70%,"72,900",-75%,"24,411",-20.80%,"888,723",-6.70%
4/27/2021,"2,045,718",-64.50%,"1,198,299",-47.60%,"89,000",-71%,"69,300",-76%,"22,603",-23.70%,"839,788",-9.60%
4/26/2021,"1,959,131",-64.80%,"1,156,913",-48.50%,"89,300",-71%,"68,600",-76%,"21,083",-22.60%,"826,605",-8.70%
4/25/2021,"985,027",-59.30%,"540,989",-45.50%,"34,100",-63%,"37,100",-64%,"9,777",-44.00%,"695,863",-16.90%
4/24/2021,"1,520,057",-53.50%,"809,163",-39.50%,"51,600",-55%,"78,900",-47%,"13,351",-18.60%,"854,964",-7.30%
4/23/2021,"2,125,087",-57.90%,"1,184,193",-32.30%,"92,800",-70%,"76,100",-73%,"22,035",-13.20%,"920,588",2.00%
4/22/2021,"2,044,069",-62.60%,"1,166,357",-41.00%,"86,600",-72%,"67,600",-76%,"21,832",-22.00%,"871,573",-7.50%
4/21/2021,"1,969,710",-63.80%,"1,139,762",-43.50%,"83,500",-73%,"66,000",-77%,"22,379",-23.70%,"828,447",-12.00%
4/20/2021,"2,086,630",-61.60%,"1,223,642",-39.60%,"90,000",-71%,"72,000",-75%,"23,528",-15.00%,"860,511",-7.60%
4/19/2021,"1,914,960",-61.30%,"1,147,977",-36.80%,"87,200",-72%,"67,400",-77%,"21,274",-10.90%,"816,540",-11.20%
4/18/2021,"1,082,503",-56.30%,"607,333",-38.60%,"38,300",-58%,"48,200",-53%,"10,865",-41.70%,"753,446",-14.40%
4/17/2021,"1,425,036",-56.60%,"803,352",-42.70%,"49,900",-56%,"72,600",-51%,"13,313",-24.60%,"813,162",-3.70%
4/16/2021,"2,082,447",-63.60%,"1,157,507",-48.20%,"87,200",-72%,"73,600",-74%,"21,632",-25.70%,"889,711",-7.80%
4/15/2021,"1,910,326",-67.60%,"1,083,083",-51.90%,"81,800",-74%,"63,800",-78%,"21,198",-28.50%,"822,207",-17.80%
4/14/2021,"2,021,936",-66.20%,"1,199,954",-48.70%,"86,700",-72%,"69,900",-76%,"23,462",-25.30%,"852,606",-11.90%
4/13/2021,"2,016,030",-66.00%,"1,196,355",-49.10%,"87,200",-72%,"67,600",-76%,"22,728",-24.50%,"832,482",-12.00%
04/12/2021,"1,849,254",-66.70%,"1,087,799",-50.40%,"83,100",-73%,"63,900",-78%,"21,192",-24.20%,"793,402",-12.70%
04/11/2021,"900,666",-63.60%,"504,407",-49.00%,"32,000",-65%,"35,600",-65%,"9,742",-47.70%,"666,435",-21.80%
04/10/2021,"1,392,745",-57.60%,"790,023",-43.60%,"46,000",-60%,"66,800",-55%,"12,713",-28.00%,"822,112",-13.20%
04/09/2021,"2,030,410",-64.50%,"1,144,311",-48.80%,"87,100",-72%,"71,000",-75%,"21,978",-24.50%,"895,229",-10.60%
04/08/2021,"2,017,306",-65.40%,"1,177,833",-49.70%,"86,700",-72%,"68,000",-76%,"22,579",-28.10%,"877,834",-9.70%
04/07/2021,"1,989,179",-66.10%,"1,172,362",-50.10%,"85,500",-72%,"66,700",-77%,"23,469",-26.60%,"858,593",-9.70%
04/06/2021,"1,946,071",-66.20%,"1,155,101",-50.10%,"85,800",-72%,"66,200",-77%,"21,695",-28.30%,"840,351",-8.10%
04/05/2021,"1,822,134",-67.20%,"1,088,750",-52.40%,"87,000",-72%,"67,700",-76%,"19,970",-29.50%,"832,239",-8.60%
04/04/2021,"951,260",-59.40%,"519,812",-47.80%,"40,900",-55%,"47,700",-54%,"11,632",-39.90%,"749,910",-16.10%
04/03/2021,"1,319,964",-53.40%,"750,682",-37.20%,"47,700",-58%,"68,800",-54%,"12,735",-13.90%,"779,701",-16.80%
04/02/2021,"1,760,768",-63.00%,"958,085",-45.70%,"79,800",-74%,"66,800",-77%,"18,839",-23.00%,"845,252",-13.20%
04/01/2021,"1,845,249",-68.80%,"1,030,209",-56.40%,"77,300",-75%,"55,500",-81%,"20,490",-34.80%,"856,466",-12.20%
3/31/2021,"1,812,072",-69.20%,"995,873",-58.10%,"84,900",-73%,"61,600",-78%,"20,374",-36.90%,"833,052",-10.80%
3/30/2021,"1,885,343",-67.30%,"1,079,381",-54.00%,"91,300",-71%,"65,600",-76%,"21,019",-29.70%,"842,154",-7.10%
3/29/2021,"1,745,540",-68.60%,"1,002,597",-56.30%,"86,500",-72%,"62,400",-77%,"18,543",-35.00%,"763,647",-14.90%
3/28/2021,"807,247",-64.30%,"459,949",-53.50%,"28,300",-67%,"29,900",-68%,"9,104",-47.80%,"601,860",-26.30%
3/27/2021,"1,374,266",-57.70%,"781,981",-44.10%,"47,500",-56%,"63,600",-53%,"12,900",-25.30%,"841,595",-9.40%
3/26/2021,"1,941,782",-65.30%,"1,091,753",-51.00%,"84,400",-73%,"64,500",-77%,"20,805",-27.30%,"865,970",-12.20%
3/25/2021,"1,929,515",-66.70%,"1,127,964",-51.60%,"83,600",-73%,"61,200",-78%,"21,763",-28.70%,"847,633",-12.40%
3/24/2021,"1,831,662",-68.00%,"1,075,968",-53.40%,"79,600",-75%,"56,500",-80%,"21,651",-31.20%,"794,315",-14.20%
3/23/2021,"1,883,301",-66.90%,"1,133,504",-51.70%,"83,100",-73%,"58,700",-79%,"21,590",-28.80%,"810,243",-10.50%
3/22/2021,"1,805,084",-66.70%,"1,095,241",-51.50%,"84,200",-73%,"61,100",-78%,"20,427",-28.30%,"788,542",-11.30%
3/21/2021,"1,013,386",-58.10%,"579,358",-46.20%,"34,700",-60%,"37,600",-60%,"10,358",-43.90%,"735,673",-15.60%
3/20/2021,"1,307,403",-56.80%,"768,908",-42.10%,"41,700",-61%,"54,900",-60%,"12,558",-23.90%,"787,777",-11.00%
3/19/2021,"1,910,080",-65.30%,"1,083,647",-49.40%,"80,000",-74%,"60,700",-78%,"20,357",-27.60%,"863,187",-10.40%
3/18/2021,"1,774,375",-68.10%,"1,019,472",-53.30%,"76,500",-76%,"55,400",-80%,"20,264",-30.70%,"799,478",-13.00%
3/17/2021,"1,869,879",-67.20%,"1,103,979",-52.90%,"81,400",-74%,"58,400",-79%,"22,323",-30.00%,"808,876",-12.40%
3/16/2021,"1,801,682",-68.00%,"1,062,179",-54.40%,"77,700",-75%,"56,400",-80%,"20,903",-31.70%,"786,996",-13.40%
3/15/2021,"1,733,288",-67.90%,"1,023,990",-54.50%,"79,300",-75%,"55,800",-80%,"19,986",-28.60%,"774,146",-13.30%
3/14/2021,"923,968",-62.10%,"531,754",-48.40%,"30,400",-65%,"31,800",-66%,"9,732",-46.70%,"673,170",-20.20%
3/13/2021,"1,257,372",-60.60%,"730,218",-46.10%,"38,500",-64%,"52,300",-61%,"11,932",-29.50%,"776,744",-14.20%
03/12/2021,"1,917,972",-66.00%,"1,092,388",-51.00%,"82,400",-74%,"63,200",-77%,"21,724",-25.20%,"873,014",-12.50%
03/11/2021,"1,885,584",-67.60%,"1,107,502",-53.00%,"80,400",-74%,"59,000",-79%,"22,617",-27.70%,"836,773",-13.30%
03/10/2021,"1,852,702",-68.00%,"1,104,610",-53.00%,"78,100",-75%,"58,100",-79%,"22,774",-28.90%,"804,700",-13.40%
03/09/2021,"1,837,670",-68.10%,"1,101,988",-52.70%,"79,300",-75%,"57,700",-79%,"22,200",-27.60%,"791,512",-12.80%
03/08/2021,"1,722,930",-69.00%,"1,039,763",-54.60%,"79,400",-75%,"56,100",-80%,"20,685",-28.20%,"767,707",-15.00%
03/07/2021,"894,177",-57.70%,"525,930",-41.40%,"29,300",-66%,"30,700",-67%,"9,843",-42.70%,"662,461",-13.90%
03/06/2021,"1,167,887",-62.50%,"696,719",-49.00%,"37,200",-66%,"45,300",-67%,"11,951",-31.60%,"728,236",-18.70%
03/05/2021,"1,829,185",-67.80%,"1,041,408",-53.10%,"79,100",-75%,"58,600",-79%,"21,842",-24.70%,"846,071",-14.10%
03/04/2021,"1,812,200",-68.60%,"1,078,036",-52.40%,"78,600",-75%,"55,100",-80%,"21,727",-30.00%,"807,284",-13.90%
03/03/2021,"1,850,000",-67.50%,"1,119,137",-50.00%,"78,800",-75%,"55,500",-80%,"22,823",-27.60%,"798,577",-11.90%
03/02/2021,"1,752,983",-69.40%,"1,024,511",-55.30%,"75,300",-76%,"51,600",-81%,"20,640",-32.70%,"763,489",-14.90%
03/01/2021,"1,699,607",-60.60%,"1,020,837",-35.50%,"74,400",-76%,"51,300",-81%,"20,359",-14.00%,"747,909",9.00%
2/28/2021,"811,043",-63.90%,"491,545",-49.80%,"23,800",-70%,"27,700",-70%,"8,910",-46.90%,"619,960",-21.20%
2/27/2021,"1,074,256",-62.30%,"635,820",-49.20%,"28,800",-71%,"38,900",-70%,"11,319",-37.30%,"681,969",-19.00%
2/26/2021,"1,826,171",-66.90%,"1,065,376",-50.50%,"76,700",-75%,"56,500",-79%,"21,911",-31.30%,"851,052",-11.50%
2/25/2021,"1,801,708",-68.30%,"1,069,420",-51.80%,"75,000",-75%,"53,400",-80%,"22,138",-32.00%,"814,611",-12.10%
2/24/2021,"1,809,852",-67.80%,"1,099,351",-51.10%,"74,800",-76%,"53,500",-80%,"23,223",-30.50%,"797,488",-10.30%
2/23/2021,"1,733,604",-68.90%,"1,040,398",-53.20%,"73,500",-76%,"51,600",-81%,"20,852",-35.00%,"759,850",-13.00%
2/22/2021,"1,585,133",-70.70%,"927,414",-58.30%,"69,700",-77%,"48,900",-82%,"19,015",-37.20%,"691,608",-19.60%
2/21/2021,"837,051",-63.20%,"516,715",-48.90%,"25,200",-68%,"27,300",-70%,"9,195",-54.20%,"605,395",-23.90%
2/20/2021,"1,111,970",-62.00%,"679,240",-46.10%,"30,900",-69%,"41,200",-69%,"10,578",-39.80%,"657,045",-21.00%
2/19/2021,"1,568,728",-69.70%,"809,308",-57.00%,"64,100",-79%,"48,700",-82%,"14,172",-52.50%,"608,152",-34.60%
2/18/2021,"1,384,407",-74.20%,"725,951",-63.50%,"58,000",-81%,"43,000",-84%,"15,843",-49.80%,"456,327",-49.70%
2/17/2021,"1,736,509",-67.60%,"1,061,711",-47.80%,"74,200",-76%,"53,700",-80%,"22,336",-32.00%,"821,333",-6.90%
2/16/2021,"1,630,739",-68.30%,"963,223",-50.40%,"72,700",-76%,"49,900",-81%,"19,126",-38.50%,"726,224",-15.30%
2/15/2021,"1,220,357",-61.90%,"726,412",-46.70%,"65,700",-79%,"30,000",-67%,"11,437",-30.00%,"641,883",-18.80%
2/14/2021,"858,877",-63.20%,"479,319",-50.60%,"23,400",-71%,"28,200",-69%,"7,835",-59.50%,"551,288",-27.20%
2/13/2021,"1,093,261",-60.70%,"656,637",-42.10%,"29,300",-70%,"40,800",-69%,"11,669",-29.00%,"666,722",-19.00%
02/12/2021,"1,709,253",-69.20%,"965,421",-54.20%,"72,100",-76%,"53,700",-80%,"20,165",-34.80%,"803,912",-17.80%
02/11/2021,"1,717,804",-69.70%,"1,005,348",-54.50%,"70,200",-77%,"50,500",-81%,"20,144",-38.80%,"755,367",-17.50%
02/10/2021,"1,753,405",-68.50%,"1,052,021",-53.60%,"71,300",-77%,"50,100",-81%,"22,169",-35.20%,"769,088",-12.60%
02/09/2021,"1,669,590",-70.20%,"992,290",-55.50%,"69,500",-77%,"47,600",-82%,"19,386",-41.00%,"682,085",-20.80%
02/08/2021,"1,642,828",-69.50%,"964,007",-55.10%,"71,000",-77%,"50,900",-81%,"17,786",-40.90%,"701,146",-17.10%
02/07/2021,"653,257",-71.00%,"367,095",-63.00%,"17,100",-78%,"19,400",-79%,"7,115",-63.70%,"340,122",-55.60%
02/06/2021,"1,149,757",-61.40%,"715,717",-44.30%,"29,200",-70%,"40,300",-69%,"12,020",-33.60%,"689,415",-17.00%
02/05/2021,"1,744,130",-68.40%,"1,001,775",-52.50%,"68,900",-77%,"51,300",-81%,"20,136",-34.60%,"766,091",-16.30%
02/04/2021,"1,789,214",-68.40%,"1,033,791",-52.80%,"71,300",-77%,"51,000",-81%,"20,328",-36.70%,"742,193",-16.10%
02/03/2021,"1,705,655",-70.00%,"949,695",-58.50%,"69,100",-77%,"49,700",-82%,"16,869",-49.90%,"656,614",-25.10%
02/02/2021,"1,007,502",-82.00%,"543,073",-76.00%,"22,800",-93%,"30,600",-89%,"8,155",-74.80%,"311,607",-63.60%
02/01/2021,"584,184",-89.10%,"337,228",-84.60%,"8,600",-97%,"16,700",-94%,"12,202",-59.50%,"156,759",-81.70%
1/31/2021,"723,473",-67.70%,"427,945",-55.90%,"23,100",-72%,"28,400",-74%,"8,616",-56.40%,"573,512",-18.50%
1/30/2021,"943,426",-67.20%,"566,837",-54.70%,"26,600",-73%,"40,800",-74%,"10,284",-39.10%,"652,550",-17.40%
1/29/2021,"1,514,326",-72.00%,"812,264",-61.70%,"65,100",-78%,"49,700",-82%,"19,047",-38.90%,"780,131",-16.40%
1/28/2021,"1,650,014",-70.80%,"950,205",-56.80%,"70,000",-77%,"52,000",-81%,"20,139",-36.20%,"768,600",-10.90%
1/27/2021,"1,663,376",-70.50%,"1,004,792",-54.90%,"70,400",-77%,"50,500",-82%,"19,841",-39.10%,"740,154",-15.20%
1/26/2021,"1,553,918",-72.20%,"911,579",-59.20%,"68,200",-77%,"49,300",-82%,"18,115",-42.60%,"653,068",-23.60%
1/25/2021,"1,595,694",-69.60%,"978,987",-53.30%,"73,100",-76%,"52,100",-81%,"19,991",-32.50%,"727,393",-13.80%
1/24/2021,"741,960",-68.20%,"458,203",-54.30%,"24,000",-71%,"29,000",-73%,"8,317",-55.00%,"560,522",-26.70%
1/23/2021,"998,665",-61.70%,"619,673",-39.90%,"27,900",-71%,"42,700",-73%,"10,536",-34.30%,"640,381",-14.00%
1/22/2021,"1,675,175",-68.60%,"1,018,584",-50.80%,"71,300",-76%,"54,000",-81%,"20,375",-33.10%,"787,474",-15.20%
1/21/2021,"1,656,100",-69.60%,"1,007,042",-52.70%,"71,200",-76%,"52,000",-81%,"19,925",-37.20%,"760,221",-14.60%
1/20/2021,"1,578,038",-70.90%,"921,371",-56.80%,"67,900",-78%,"50,000",-82%,"19,281",-40.80%,"712,711",-17.80%
1/19/2021,"1,639,243",-69.20%,"1,013,616",-51.20%,"72,600",-76%,"52,600",-81%,"21,049",-32.80%,"736,254",-14.90%
1/18/2021,"1,279,119",-59.90%,"766,926",-41.20%,"68,700",-77%,"31,900",-89%,"14,124",-9.70%,"689,251",-13.50%
1/17/2021,"798,564",-65.00%,"504,031",-46.60%,"24,200",-71%,"32,900",-69%,"9,880",-41.90%,"580,771",-17.30%
1/16/2021,"992,599",-61.70%,"645,625",-36.40%,"27,100",-72%,"43,400",-72%,"11,654",-17.40%,"631,135",-1.90%
1/15/2021,"1,630,098",-69.50%,"981,817",-51.70%,"70,200",-77%,"54,000",-81%,"21,819",-28.40%,"788,779",-17.20%
1/14/2021,"1,650,630",-70.10%,"1,017,757",-52.70%,"70,900",-77%,"52,500",-81%,"21,950",-30.90%,"754,071",-16.70%
1/13/2021,"1,644,812",-70.20%,"996,646",-55.30%,"70,600",-77%,"51,700",-81%,"22,720",-31.70%,"737,859",-16.70%
01/12/2021,"1,643,725",-69.70%,"997,279",-54.10%,"71,400",-76%,"52,100",-81%,"21,623",-32.60%,"730,831",-15.10%
01/11/2021,"1,571,330",-69.90%,"966,517",-55.40%,"72,300",-76%,"51,400",-82%,"21,089",-29.50%,"708,058",-16.40%
01/10/2021,"763,690",-66.70%,"501,437",-49.60%,"23,800",-71%,"29,300",-73%,"9,467",-51.10%,"564,543",-25.40%
01/09/2021,"991,218",-67.00%,"643,475",-50.60%,"27,000",-72%,"42,900",-73%,"12,023",-34.40%,"630,790",-24.00%
01/08/2021,"1,622,259",-70.30%,"982,175",-54.00%,"68,600",-77%,"51,500",-82%,"21,641",-29.90%,"754,548",-17.40%
01/07/2021,"1,614,248",-70.50%,"989,097",-53.20%,"69,700",-77%,"51,000",-82%,"21,571",-31.60%,"736,609",-17.00%
01/06/2021,"1,616,889",-70.30%,"996,123",-53.50%,"70,300",-77%,"50,800",-82%,"22,795",-29.10%,"726,679",-14.80%
01/05/2021,"1,600,910",-70.40%,"990,479",-54.00%,"70,400",-77%,"51,000",-82%,"21,641",-31.50%,"708,610",-15.80%
01/04/2021,"1,561,237",-70.20%,"964,597",-53.90%,"71,100",-77%,"50,900",-82%,"20,612",-30.80%,"688,045",-17.30%
01/03/2021,"653,915",-71.30%,"413,820",-56.10%,"20,800",-75%,"25,200",-77%,"9,745",-47.70%,"496,494",-29.40%
01/02/2021,"989,612",-64.80%,"608,686",-48.70%,"28,900",-71%,"44,500",-72%,"10,450",-34.60%,"624,765",-15.50%
01/01/2021,"614,497",-73.40%,"378,288",-50.00%,"29,000",-90%,"8,200",-92%,"5,960",-30.20%,"445,950",-46.20%
12/31/2020,"1,277,146",-68.00%,"780,869",-51.00%,"75,200",-76%,"21,600",-80%,"17,167",-31.10%,"704,297",-14.00%
12/30/2020,"1,585,476",-63.40%,"935,138",-39.10%,"79,300",-75%,"58,000",-79%,"20,922",-15.00%,"799,839",19.70%
12/29/2020,"1,558,295",-64.00%,"918,291",-40.20%,"78,900",-75%,"56,200",-80%,"19,717",-19.90%,"759,864",-4.10%
12/28/2020,"1,513,195",-65.10%,"902,574",-41.20%,"81,600",-74%,"58,500",-79%,"18,820",-23.50%,"743,305",-9.10%
12/27/2020,"761,251",-69.80%,"469,973",-50.10%,"34,400",-68%,"33,200",-69%,"9,457",-47.30%,"594,862",-23.90%
12/26/2020,"880,184",-71.80%,"555,857",-54.00%,"36,000",-72%,"42,400",-73%,"9,094",-40.10%,"593,895",-30.30%
12/25/2020,"485,839",-72.10%,"312,707",-53.20%,"51,300",-84%,"7,300",-93%,"8,611",-41.80%,"476,547",-46.50%
12/24/2020,"1,314,656",-64.00%,"813,353",-46.70%,"75,800",-76%,"54,600",-80%,"15,928",-28.30%,"760,624",-10.40%
12/23/2020,"1,775,738",-62.60%,"1,033,609",-43.50%,"84,400",-73%,"59,700",-79%,"23,305",-13.70%,"864,271",12.90%
12/22/2020,"1,764,202",-62.80%,"1,031,789",-43.60%,"82,000",-74%,"56,400",-80%,"22,820",-15.50%,"814,975",-9.90%
12/21/2020,"1,719,279",-63.80%,"1,011,638",-44.70%,"81,200",-74%,"56,800",-80%,"21,647",-19.80%,"777,049",-16.10%
12/20/2020,"822,001",-69.20%,"516,601",-50.50%,"32,600",-69%,"30,500",-72%,"9,585",-51.70%,"555,254",-33.80%
12/19/2020,"1,112,852",-65.00%,"669,751",-47.10%,"41,100",-68%,"46,600",-70%,"11,589",-33.50%,"651,814",-28.20%
12/18/2020,"1,738,727",-69.30%,"938,457",-54.80%,"74,900",-76%,"54,400",-81%,"17,537",-43.80%,"736,356",-25.80%
12/17/2020,"1,081,431",-81.20%,"525,802",-74.30%,"21,400",-93%,"17,600",-94%,"9,940",-68.80%,"297,298",-69.50%
12/16/2020,"1,571,978",-73.50%,"854,245",-61.30%,"68,100",-78%,"47,600",-83%,"19,296",-42.50%,"625,006",-33.80%
12/15/2020,"1,786,741",-68.60%,"1,076,717",-47.30%,"78,400",-75%,"54,600",-80%,"23,432",-25.80%,"819,063",-5.40%
12/14/2020,"1,587,068",-72.30%,"950,309",-56.40%,"75,000",-76%,"51,500",-82%,"21,333",-29.40%,"723,908",-20.10%
12/13/2020,"911,519",-67.60%,"579,527",-45.00%,"39,300",-63%,"36,800",-66%,"10,208",-48.30%,"659,446",-21.60%
12/12/2020,"1,091,372",-68.40%,"704,357",-45.10%,"41,800",-67%,"46,400",-70%,"12,307",-30.80%,"671,668",-23.80%
12/11/2020,"1,789,568",-69.80%,"1,053,576",-50.10%,"79,700",-75%,"55,900",-80%,"22,751",-25.80%,"821,871",-16.10%
12/10/2020,"1,764,682",-71.00%,"1,066,582",-52.30%,"76,800",-76%,"52,800",-81%,"22,845",-30.00%,"784,406",-19.90%
12/09/2020,"1,705,159",-71.30%,"1,017,090",-54.00%,"74,700",-76%,"50,900",-82%,"22,459",-27.70%,"749,886",-15.00%
12/08/2020,"1,544,078",-74.00%,"1,029,646",-54.00%,"75,000",-76%,"51,900",-81%,"22,177",-32.20%,"744,112",-18.20%
12/07/2020,"1,659,836",-70.50%,"1,018,044",-50.50%,"77,800",-75%,"52,600",-81%,"21,424",-28.30%,"729,674",-16.70%
12/06/2020,"879,278",-67.10%,"545,433",-47.30%,"35,100",-67%,"31,900",-70%,"9,904",-49.50%,"590,525",-28.50%
12/05/2020,"1,001,236",-71.60%,"619,735",-53.10%,"33,500",-74%,"37,900",-76%,"10,151",-45.20%,"572,557",-36.10%
12/04/2020,"1,704,749",-71.40%,"1,012,813",-54.00%,"72,100",-77%,"51,700",-81%,"21,960",-29.10%,"775,709",-20.70%
12/03/2020,"1,739,370",-71.30%,"1,056,963",-53.70%,"75,100",-76%,"52,000",-81%,"22,941",-30.20%,"767,310",-20.50%
12/02/2020,"1,703,245",-71.50%,"1,018,368",-55.50%,"73,600",-77%,"50,500",-82%,"22,712",-32.70%,"746,840",-19.80%
12/01/2020,"1,709,780",-70.70%,"1,051,162",-52.90%,"73,600",-77%,"50,200",-82%,"21,693",-28.30%,"752,069",-16.10%
11/30/2020,"1,462,166",-72.30%,"819,615",-58.20%,"80,000",-76%,"54,200",-81%,"19,751",-24.70%,"652,664",-14.60%
11/29/2020,"827,800",-59.30%,"545,820",-33.40%,"32,600",-65%,"34,400",-67%,"9,360",-37.70%,"631,799",-13.10%
11/28/2020,"1,034,026",-62.90%,"684,962",-44.10%,"37,800",-67%,"45,600",-70%,"10,808",-24.30%,"649,087",-28.10%
11/27/2020,"1,265,519",-63.70%,"812,188",-42.70%,"77,300",-76%,"12,300",-88%,"12,395",-17.00%,"671,214",-16.40%
11/26/2020,"653,123",-69.20%,"443,386",-45.70%,"72,600",-78%,"10,700",-90%,"12,151",-43.20%,"564,193",-37.50%
11/25/2020,"1,691,393",-68.00%,"1,032,401",-51.80%,"93,400",-72%,"67,200",-77%,"21,450",-22.10%,"853,222",-13.60%
11/24/2020,"1,739,107",-70.20%,"1,064,087",-53.80%,"89,800",-73%,"61,100",-79%,"22,814",-28.40%,"821,450",-17.70%
11/23/2020,"1,649,748",-71.20%,"1,002,977",-55.90%,"87,700",-73%,"59,500",-79%,"21,297",-28.80%,"755,375",-16.60%
11/22/2020,"818,055",-63.70%,"543,514",-41.70%,"31,000",-67%,"31,900",-69%,"10,694",-41.00%,"598,349",-20.80%
11/21/2020,"1,157,976",-63.70%,"750,818",-44.70%,"39,200",-66%,"51,200",-66%,"13,193",-22.40%,"742,369",-17.20%
11/20/2020,"1,803,896",-68.90%,"1,073,124",-51.00%,"87,400",-73%,"60,400",-79%,"22,945",-24.60%,"843,069",-13.80%
11/19/2020,"1,761,064",-70.70%,"1,058,467",-54.60%,"84,700",-74%,"57,800",-80%,"21,780",-32.80%,"800,461",-16.70%
11/18/2020,"1,791,183",-69.80%,"1,072,627",-53.90%,"84,100",-74%,"57,700",-80%,"23,390",-30.20%,"776,422",-16.30%
11/17/2020,"1,792,431",-69.60%,"1,094,353",-52.90%,"87,000",-74%,"58,600",-80%,"22,524",-31.00%,"764,725",-15.90%
11/16/2020,"1,745,282",-68.90%,"1,051,458",-51.60%,"89,500",-73%,"61,400",-79%,"21,851",-26.50%,"757,988",-14.10%
11/15/2020,"821,555",-66.30%,"524,515",-48.10%,"30,900",-67%,"32,900",-68%,"9,763",-48.50%,"596,389",-27.30%
11/14/2020,"1,215,491",-62.40%,"755,714",-42.60%,"41,400",-64%,"58,000",-62%,"12,928",-26.00%,"735,029",-18.60%
11/13/2020,"1,820,025",-69.00%,"1,061,880",-52.40%,"86,300",-74%,"61,000",-79%,"22,054",-29.60%,"821,059",-17.10%
11/12/2020,"1,780,212",-70.00%,"1,058,761",-53.80%,"86,200",-74%,"58,200",-80%,"22,059",-32.60%,"779,141",-18.80%
11/11/2020,"1,617,862",-66.30%,"968,853",-46.60%,"83,300",-75%,"21,200",-80%,"20,263",-8.30%,"713,640",-22.20%
11/10/2020,"1,840,750",-68.40%,"1,146,090",-47.80%,"91,500",-72%,"63,000",-78%,"23,138",-28.30%,"800,965",-9.80%
11/09/2020,"1,756,175",-69.80%,"1,099,361",-49.90%,"91,700",-72%,"62,400",-78%,"21,444",-32.10%,"773,217",-9.00%
11/08/2020,"928,516",-63.10%,"584,868",-44.40%,"38,500",-59%,"44,000",-58%,"10,474",-46.00%,"726,041",-15.40%
11/07/2020,"1,246,356",-61.50%,"749,502",-42.70%,"46,400",-60%,"66,300",-56%,"13,409",-24.40%,"790,712",-13.50%
11/06/2020,"1,840,860",-68.60%,"1,114,000",-49.00%,"89,500",-73%,"65,000",-77%,"22,659",-23.50%,"858,167",-12.50%
11/05/2020,"1,797,589",-70.20%,"1,125,820",-51.90%,"87,000",-74%,"59,900",-79%,"22,937",-28.90%,"818,991",-14.20%
11/04/2020,"1,693,937",-71.90%,"1,083,036",-54.50%,"81,600",-75%,"56,400",-80%,"22,174",-33.40%,"754,704",-19.40%
11/03/2020,"1,606,096",-71.00%,"1,017,551",-51.60%,"82,100",-75%,"58,100",-80%,"20,416",-33.00%,"720,562",-19.20%
11/02/2020,"1,751,443",-69.90%,"1,064,298",-54.00%,"87,200",-73%,"59,400",-79%,"21,127",-29.90%,"772,129",-16.00%
11/01/2020,"786,678",-72.70%,"510,667",-48.50%,"29,500",-69%,"35,500",-66%,"10,180",-39.80%,"660,915",-14.90%
10/31/2020,"1,174,079",-65.00%,"724,129",-47.80%,"41,500",-63%,"63,600",-58%,"12,816",-29.70%,"743,811",-19.70%
10/30/2020,"1,771,288",-70.30%,"1,004,498",-55.60%,"84,300",-73%,"65,900",-77%,"21,243",-29.80%,"824,680",-16.80%
10/29/2020,"1,708,611",-70.40%,"974,119",-55.20%,"81,800",-74%,"60,300",-79%,"20,925",-27.90%,"776,467",-12.40%
10/28/2020,"1,823,028",-69.70%,"1,109,591",-53.00%,"86,700",-72%,"64,000",-78%,"23,258",-27.50%,"801,966",-13.40%
10/27/2020,"1,818,884",-69.60%,"1,138,746",-51.00%,"87,400",-72%,"64,400",-78%,"21,870",-29.70%,"789,371",-13.60%
10/26/2020,"1,694,080",-70.60%,"1,058,119",-54.40%,"86,700",-72%,"64,800",-78%,"20,817",-28.00%,"760,604",-16.80%
10/25/2020,"885,001",-59.80%,"576,930",-33.80%,"33,700",-63%,"45,000",-57%,"10,074",-41.20%,"725,809",-6.60%
10/24/2020,"1,185,612",-64.50%,"780,710",-44.20%,"43,600",-62%,"72,200",-53%,"12,916",-27.60%,"805,454",-15.40%
10/23/2020,"1,846,268",-68.80%,"1,128,035",-50.80%,"89,900",-71%,"71,100",-76%,"21,766",-27.80%,"881,995",-12.40%
10/22/2020,"1,829,135",-70.10%,"1,146,065",-51.90%,"88,700",-72%,"67,000",-77%,"22,391",-30.30%,"845,064",-14.20%
10/21/2020,"1,816,797",-70.00%,"1,147,375",-52.20%,"86,200",-73%,"65,200",-78%,"22,959",-29.90%,"806,738",-14.60%
10/20/2020,"1,784,090",-69.30%,"1,127,897",-50.20%,"86,600",-72%,"63,500",-78%,"21,936",-26.90%,"790,018",-9.70%
10/19/2020,"1,722,723",-69.60%,"1,104,658",-51.80%,"89,200",-72%,"66,000",-77%,"20,812",-24.30%,"782,239",-10.50%
10/18/2020,"897,886",-63.10%,"585,376",-40.20%,"34,700",-62%,"48,700",-54%,"9,998",-46.30%,"752,262",-9.80%
10/17/2020,"1,211,061",-64.00%,"780,003",-43.60%,"43,800",-61%,"70,500",-54%,"11,831",-33.00%,"794,520",-16.70%
10/16/2020,"1,674,686",-72.10%,"986,166",-56.80%,"83,800",-73%,"64,900",-78%,"20,776",-31.00%,"820,106",-20.30%
10/15/2020,"1,857,822",-69.50%,"1,154,164",-50.20%,"90,300",-71%,"67,700",-77%,"22,834",-27.20%,"866,245",-10.70%
10/14/2020,"1,842,638",-68.50%,"1,161,893",-47.10%,"89,200",-72%,"66,700",-77%,"23,169",-25.50%,"824,529",-9.30%
10/13/2020,"1,718,853",-70.80%,"1,067,179",-54.60%,"76,600",-76%,"62,700",-78%,"20,909",-31.00%,"765,671",-16.30%
10/12/2020,"1,286,892",-69.80%,"770,512",-52.90%,"76,800",-76%,"59,300",-80%,"15,722",-17.40%,"685,982",-19.60%
10/11/2020,"849,518",-68.10%,"564,046",-47.70%,"34,600",-62%,"45,700",-57%,"9,470",-48.80%,"692,669",-22.60%
10/10/2020,"1,171,657",-64.10%,"770,914",-44.10%,"44,500",-61%,"77,300",-49%,"12,627",-27.80%,"823,775",-12.40%
10/09/2020,"1,811,779",-69.10%,"1,114,870",-51.10%,"78,700",-75%,"72,400",-75%,"21,274",-28.70%,"896,404",-13.10%
10/08/2020,"1,801,918",-70.20%,"1,128,062",-52.50%,"88,000",-72%,"65,600",-77%,"21,964",-30.20%,"845,788",-13.00%
10/07/2020,"1,774,408",-63.70%,"1,124,542",-38.70%,"87,100",-72%,"64,300",-78%,"23,027",-17.70%,"814,866",0.00%
10/06/2020,"1,762,320",-69.20%,"1,133,242",-50.90%,"87,700",-72%,"65,100",-78%,"21,475",-29.40%,"802,900",-8.60%
10/05/2020,"1,682,379",-70.60%,"1,092,193",-53.50%,"88,700",-72%,"62,900",-78%,"19,971",-31.50%,"783,540",-13.30%
10/04/2020,"853,591",-66.10%,"566,754",-47.30%,"35,000",-62%,"43,900",-58%,"10,010",-48.00%,"706,562",-18.80%
10/03/2020,"1,168,073",-65.00%,"773,305",-45.10%,"45,000",-60%,"68,900",-55%,"12,759",-28.00%,"810,626",-13.40%
10/02/2020,"1,794,201",-70.10%,"1,109,459",-52.50%,"87,300",-72%,"67,100",-77%,"21,626",-27.60%,"891,268",-11.30%
10/01/2020,"1,813,961",-69.90%,"1,150,563",-50.20%,"86,100",-73%,"62,100",-79%,"22,309",-29.40%,"870,606",-7.10%
9/30/2020,"1,744,524",-70.70%,"1,077,000",-55%,"89,200",-73%,"61,500",-79%,"21,424",-31.00%,"822,683",-11.10%
9/29/2020,"1,664,896",-67.90%,"1,023,100",-50%,"88,400",-73%,"59,700",-79%,"20,517",-26.40%,"790,861",-9.50%
9/28/2020,"1,492,611",-68.70%,"955,300",-50%,"89,700",-73%,"63,800",-78%,"17,678",-25.90%,"753,159",-13.30%
9/27/2020,"846,184",-66.70%,"586,900",-46%,"40,000",-60%,"45,200",-57%,"9,491",-49.30%,"731,091",-20.40%
9/26/2020,"1,120,175",-65.10%,"756,300",-46%,"47,200",-60%,"66,800",-56%,"12,128",-28.80%,"824,515",-15.10%
9/25/2020,"1,765,299",-70.00%,"1,077,600",-53%,"92,500",-72%,"67,900",-76%,"21,233",-25.90%,"912,599",-10.70%
9/24/2020,"1,726,180",-71.50%,"1,070,500",-55%,"89,100",-73%,"62,400",-78%,"21,554",-29.60%,"857,578",-11.90%
9/23/2020,"1,739,043",-71.30%,"1,093,600",-55%,"89,000",-73%,"62,300",-78%,"22,501",-29.20%,"834,469",-12.00%
9/22/2020,"1,702,325",-71.70%,"1,061,900",-55%,"87,400",-73%,"61,000",-79%,"21,103",-29.80%,"808,351",-12.40%
9/21/2020,"1,627,636",-71.70%,"1,021,200",-56%,"89,700",-73%,"61,800",-79%,"19,488",-30.50%,"788,505",-14.60%
9/20/2020,"828,365",-68.30%,"585,500",-48%,"39,000",-61%,"41,800",-60%,"9,269",-50.50%,"705,596",-24.50%
9/19/2020,"1,137,948",-65.80%,"761,600",-47%,"46,800",-60%,"64,600",-58%,"12,246",-30.70%,"802,614",-17.50%
9/18/2020,"1,728,810",-71.10%,"1,074,200",-54%,"90,700",-72%,"65,700",-77%,"20,702",-28.30%,"894,931",-11.80%
9/17/2020,"1,695,985",-71.90%,"1,060,400",-56%,"86,900",-73%,"61,500",-79%,"21,005",-32.20%,"848,024",-13.50%
9/16/2020,"1,690,405",-71.80%,"1,075,300",-56%,"87,000",-73%,"60,700",-79%,"22,070",-31.30%,"816,708",-13.60%
9/15/2020,"1,681,774",-71.80%,"1,087,600",-55%,"87,000",-73%,"60,800",-79%,"20,763",-32.40%,"815,700",-12.40%
9/14/2020,"1,607,896",-71.70%,"1,044,500",-56%,"89,500",-73%,"60,900",-79%,"19,888",-29.60%,"799,573",-13.90%
9/13/2020,"796,744",-68.90%,"577,400",-48%,"36,700",-63%,"38,100",-64%,"9,315",-49.60%,"703,809",-23.50%
09/12/2020,"1,083,727",-65.40%,"759,700",-45%,"44,500",-62%,"60,500",-60%,"12,349",-26.90%,"800,190",-14.80%
09/11/2020,"1,693,776",-71.20%,"1,072,600",-54%,"88,600",-73%,"65,100",-77%,"20,809",-29.40%,"895,766",-11.90%
09/10/2020,"1,547,065",-74.00%,"989,000",-59%,"82,100",-75%,"57,100",-80%,"20,181",-35.10%,"801,431",-17.50%
09/09/2020,"1,613,662",-72.90%,"1,081,700",-56%,"86,100",-74%,"61,500",-79%,"21,801",-30.90%,"825,412",-11.90%
09/08/2020,"1,559,312",-73.60%,"1,032,900",-57%,"90,600",-72%,"63,300",-78%,"19,806",-36.20%,"833,996",-10.10%
09/07/2020,"872,174",-60.90%,"650,300",-31%,"80,000",-76%,"40,300",-86%,"9,261",-3.00%,"697,865",-24.00%
09/06/2020,"819,600",-67.40%,"580,400",-47%,"44,700",-55%,"45,400",-57%,"10,160",-46.30%,"753,036",-16.20%
09/05/2020,"1,013,746",-68.50%,"740,100",-48%,"50,500",-57%,"64,700",-58%,"12,118",-28.50%,"798,823",-14.50%
09/04/2020,"1,571,533",-72.10%,"1,034,500",-52%,"88,300",-73%,"64,200",-78%,"20,223",-29.60%,"936,602",-3.60%
09/03/2020,"1,532,512",-73.40%,"1,030,700",-55%,"82,600",-75%,"58,000",-80%,"19,992",-34.00%,"869,126",-9.10%
09/02/2020,"1,491,161",-72.90%,"994,000",-54%,"77,600",-76%,"53,000",-82%,"19,990",-34.40%,"810,144",-13.60%
09/01/2020,"1,472,491",-72.30%,"996,600",-53%,"76,500",-77%,"53,100",-82%,"18,929",-33.90%,"809,685",-14.90%
8/31/2020,"1,400,448",-73.60%,"987,400",-54%,"78,100",-75%,"52,700",-81%,"18,185",-36.50%,"817,544",10.30%
8/30/2020,"748,886",-70.00%,"822,300",-24%,"45,100",-57%,"41,600",-60%,"9,752",-47.90%,"805,096",-10.20%
8/29/2020,"774,465",-73.40%,"892,800",-33%,"37,600",-72%,"41,300",-73%,"9,814",-40.00%,"645,956",-31.40%
8/28/2020,"1,391,299",-71.70%,"1,333,400",-33%,"76,100",-76%,"53,100",-81%,"18,845",-29.50%,"899,892",-13.00%
8/27/2020,"1,361,128",-74.20%,"1,274,100",-39%,"73,100",-77%,"48,800",-82%,"19,271",-31.10%,"847,285",-17.00%
8/26/2020,"1,410,651",-72.90%,"1,361,400",-33%,"76,600",-76%,"50,800",-81%,"20,659",-28.80%,"859,625",-9.00%
8/25/2020,"1,349,335",-74.10%,"1,273,400",-38%,"73,300",-77%,"49,700",-82%,"18,682",-33.70%,"821,597",-12.70%
8/24/2020,"1,310,101",-73.10%,"1,270,700",-34%,"75,100",-76%,"50,100",-82%,"17,643",-30.50%,"815,665",-11.90%
8/23/2020,"672,193",-71.20%,"783,200",-29%,"37,900",-64%,"35,300",-66%,"8,297",-53.20%,"737,097",-20.60%
8/22/2020,"883,393",-69.60%,"998,700",-27%,"49,100",-63%,"51,600",-66%,"11,456",-30.70%,"812,308",-17.50%
8/21/2020,"1,390,232",-71.50%,"1,335,800",-30%,"76,100",-76%,"53,000",-81%,"19,035",-29.70%,"909,773",-10.10%
8/20/2020,"1,413,449",-72.30%,"1,352,700",-32%,"75,600",-76%,"50,900",-81%,"19,344",-31.70%,"889,782",-10.70%
8/19/2020,"1,294,931",-74.50%,"1,212,800",-39%,"70,100",-78%,"47,700",-83%,"19,915",-31.70%,"816,805",-14.20%
8/18/2020,"1,372,568",-73.10%,"1,307,400",-35%,"74,200",-76%,"47,900",-82%,"19,274",-31.90%,"838,008",-12.00%
8/17/2020,"1,307,543",-72.90%,"1,275,000",-34%,"74,500",-76%,"49,400",-82%,"17,377",-33.10%,"806,108",-14.30%
8/16/2020,"554,980",-75.60%,"622,000",-43%,"29,900",-71%,"28,500",-73%,"7,902",-55.90%,"620,686",-31.90%
8/15/2020,"861,763",-69.90%,"1,001,000",-28%,"46,800",-65%,"51,400",-66%,"11,487",-30.80%,"804,346",-15.10%
8/14/2020,"1,358,798",-72.90%,"1,321,800",-33%,"72,900",-77%,"50,700",-81%,"18,113",-33.10%,"893,657",-11.40%
8/13/2020,"1,294,248",-75.70%,"1,198,800",-42%,"69,200",-78%,"46,500",-83%,"18,608",-35.40%,"819,019",-17.90%
08/12/2020,"1,302,087",-75.20%,"1,227,500",-39%,"68,300",-78%,"46,800",-83%,"19,346",-35.50%,"800,865",-15.40%
08/11/2020,"1,322,978",-74.30%,"1,256,400",-36%,"72,400",-77%,"46,700",-83%,"18,546",-34.20%,"821,976",-9.30%
08/10/2020,"1,278,263",-74.60%,"1,243,700",-37%,"73,500",-76%,"46,800",-83%,"18,178",-30.60%,"826,001",-12.70%
08/09/2020,"663,642",-73.20%,"766,700",-30%,"37,600",-64%,"32,200",-69%,"8,287",-53.50%,"744,618",-18.60%
08/08/2020,"834,093",-72.40%,"962,000",-30%,"41,700",-69%,"43,600",-71%,"10,613",-37.60%,"730,739",-25.30%
08/07/2020,"1,286,635",-75.10%,"1,256,300",-38%,"66,000",-79%,"42,400",-84%,"17,502",-36.10%,"844,097",-17.50%
08/06/2020,"1,337,819",-75.40%,"1,241,800",-41%,"66,700",-79%,"38,800",-86%,"19,117",-34.20%,"847,497",-15.30%
08/05/2020,"1,351,026",-74.30%,"1,305,000",-34%,"58,000",-81%,"36,900",-86%,"18,299",-37.70%,"847,330",-7.50%
08/04/2020,"1,028,686",-80.80%,"968,100",-54%,"36,800",-88%,"31,100",-89%,"14,924",-48.80%,"577,415",-38.20%
08/03/2020,"1,275,951",-75.20%,"1,268,300",-38%,"70,800",-77%,"45,900",-83%,"17,594",-34.40%,"818,732",-13.00%
08/02/2020,"590,675",-75.90%,"707,000",-38%,"30,500",-71%,"28,100",-73%,"7,431",-59.80%,"648,735",-29.90%
08/01/2020,"843,372",-72.00%,"969,300",-31%,"44,400",-67%,"48,700",-68%,"10,685",-35.90%,"799,745",-14.80%
7/31/2020,"1,260,968",-75.90%,"1,220,700",-40%,"67,600",-79%,"50,900",-82%,"17,654",-35.50%,"859,774",-15.70%
7/30/2020,"1,272,918",-76.70%,"1,224,100",-43%,"69,000",-78%,"48,600",-83%,"17,333",-40.10%,"820,275",-18.80%
7/29/2020,"1,298,880",-75.80%,"1,273,100",-38%,"70,000",-78%,"48,500",-83%,"18,216",-38.20%,"816,959",-13.50%
7/28/2020,"1,244,405",-77.00%,"1,210,600",-43%,"66,700",-79%,"45,800",-84%,"16,892",-41.70%,"782,226",-17.50%
7/27/2020,"1,206,129",-76.60%,"1,185,000",-43%,"70,100",-78%,"45,700",-84%,"16,607",-37.10%,"793,225",-15.90%
7/26/2020,"607,452",-75.10%,"721,100",-36%,"36,200",-65%,"32,300",-70%,"7,429",-59.00%,"697,533",-26.70%
7/25/2020,"817,403",-73.20%,"967,300",-31%,"43,300",-66%,"47,600",-69%,"10,350",-38.70%,"769,898",-21.80%
7/24/2020,"1,220,649",-77.00%,"1,134,300",-44%,"65,900",-79%,"49,000",-83%,"17,311",-37.30%,"826,030",-20.40%
7/23/2020,"1,236,427",-77.80%,"1,180,200",-45%,"65,600",-79%,"47,000",-83%,"17,056",-41.90%,"791,577",-21.90%
7/22/2020,"1,236,384",-77.90%,"1,189,100",-46%,"65,300",-79%,"46,700",-83%,"17,582",-42.10%,"784,013",-19.90%
7/21/2020,"1,244,544",-76.40%,"1,204,300",-41%,"67,600",-79%,"48,000",-83%,"16,831",-42.10%,"792,955",-13.30%
7/20/2020,"1,159,163",-77.10%,"1,130,400",-43%,"67,700",-79%,"46,800",-83%,"15,957",-39.40%,"770,607",-15.60%
7/19/2020,"585,498",-73.10%,"692,800",-33%,"36,400",-65%,"29,900",-72%,"7,052",-54.40%,"696,110",-20.30%
7/18/2020,"779,722",-70.50%,"913,700",-28%,"41,200",-68%,"45,500",-71%,"9,785",-34.80%,"747,445",-19.20%
7/17/2020,"1,209,692",-76.80%,"1,176,200",-43%,"64,800",-80%,"47,400",-83%,"16,401",-39.20%,"819,471",-20.30%
7/16/2020,"1,251,884",-76.90%,"1,211,800",-41%,"66,700",-79%,"47,400",-83%,"17,230",-40.50%,"819,850",-16.20%
7/15/2020,"1,251,164",-77.20%,"1,229,000",-42%,"66,500",-79%,"46,900",-83%,"18,149",-40.50%,"803,399",-15.20%
7/14/2020,"1,243,749",-77.60%,"1,211,300",-44%,"66,300",-79%,"46,200",-84%,"17,081",-43.10%,"794,838",-16.90%
7/13/2020,"1,178,204",-77.80%,"1,144,100",-45%,"66,400",-79%,"46,200",-84%,"15,928",-41.00%,"756,123",-20.40%
07/12/2020,"628,918",-74.20%,"727,700",-36%,"34,900",-67%,"31,800",-70%,"7,395",-58.90%,"703,590",-25.90%
07/11/2020,"693,789",-77.10%,"852,600",-41%,"30,100",-76%,"35,300",-77%,"8,453",-50.70%,"625,288",-37.10%
07/10/2020,"1,032,749",-80.90%,"926,800",-55%,"55,900",-82%,"39,700",-86%,"15,738",-43.40%,"712,635",-30.00%
07/09/2020,"1,213,851",-77.90%,"1,195,700",-43%,"65,500",-79%,"45,500",-84%,"17,017",-42.60%,"818,034",-15.70%
07/08/2020,"1,174,733",-78.90%,"1,114,900",-49%,"63,000",-80%,"43,400",-85%,"16,980",-43.50%,"758,208",-20.90%
07/07/2020,"1,159,588",-78.80%,"1,118,800",-48%,"61,800",-80%,"44,100",-84%,"16,003",-46.30%,"749,833",-21.00%
07/06/2020,"1,087,178",-78.80%,"1,030,200",-50%,"63,900",-80%,"44,300",-84%,"14,886",-45.00%,"750,584",-18.80%
07/05/2020,"534,220",-76.90%,"658,700",-40%,"34,600",-67%,"30,600",-71%,"6,280",-65.30%,"659,099",-24.80%
07/04/2020,"592,295",-77.20%,"754,900",-41%,"38,400",-70%,"41,800",-73%,"8,391",-42.10%,"569,212",-28.30%
07/03/2020,"853,015",-68.70%,"968,200",-13%,"56,200",-82%,"42,900",-85%,"10,915",-16.20%,"713,240",-16.60%
07/02/2020,"1,172,848",-77.60%,"1,178,500",-43%,"64,300",-80%,"45,500",-84%,"15,981",-46.60%,"881,471",14.60%
07/01/2020,"1,122,842",-78.50%,"1,102,200",-47%,"56,500",-82%,"40,000",-86%,"16,451",-45.00%,"779,409",-22.80%
6/30/2020,"1,115,510",-79.10%,"1,082,000",-48%,"58,000",-83%,"40,900",-86%,"15,291",-48.20%,"758,785",-19.90%
6/29/2020,"1,103,086",-78.80%,"1,087,500",-47%,"63,300",-81%,"42,600",-86%,"14,705",-44.80%,"767,165",-19.90%
6/28/2020,"536,488",-82.30%,"641,800",-42%,"25,700",-74%,"26,200",-76%,"5,748",-66.30%,"623,131",-33.20%
6/27/2020,"616,084",-80.70%,"753,900",-43%,"26,800",-78%,"34,800",-78%,"8,541",-46.90%,"630,731",-34.80%
6/26/2020,"1,104,497",-79.80%,"1,130,100",-43%,"55,600",-83%,"41,500",-86%,"15,048",-46.00%,"830,887",-20.50%
6/25/2020,"1,081,006",-80.90%,"1,088,500",-48%,"53,400",-84%,"38,200",-87%,"14,854",-49.80%,"781,618",-25.20%
6/24/2020,"1,070,527",-81.50%,"1,099,900",-51%,"52,400",-84%,"38,000",-87%,"15,155",-50.70%,"752,750",-25.90%
6/23/2020,"1,053,005",-81.00%,"1,086,200",-48%,"52,900",-84%,"37,600",-87%,"15,069",-49.50%,"744,822",-22.10%
6/22/2020,"1,002,073",-81.50%,"1,016,200",-52%,"53,900",-84%,"38,400",-87%,"13,314",-51.00%,"733,291",-25.20%
6/21/2020,"449,497",-82.90%,"592,400",-47%,"27,100",-72%,"27,600",-75%,"6,328",-66.20%,"654,914",-32.40%
6/20/2020,"576,097",-82.60%,"768,500",-45%,"29,000",-76%,"36,000",-77%,"8,185",-53.00%,"666,226",-33.60%
6/19/2020,"988,680",-82.20%,"1,035,300",-45%,"50,200",-85%,"38,800",-87%,"13,868",-51.40%,"797,519",-22.30%
6/18/2020,"944,318",-83.40%,"977,700",-52%,"47,900",-86%,"35,800",-88%,"13,808",-53.90%,"729,487",-27.00%
6/17/2020,"950,318",-83.40%,"977,200",-55%,"47,200",-86%,"36,300",-88%,"14,595",-53.20%,"709,680",-26.80%
6/16/2020,"934,545",-83.30%,"961,000",-54%,"46,900",-86%,"34,100",-88%,"12,939",-57.10%,"695,359",-25.30%
6/15/2020,"898,925",-83.50%,"940,900",-57%,"47,500",-86%,"34,500",-88%,"12,953",-52.50%,"674,785",-29.00%
6/14/2020,"430,446",-81.50%,"571,200",-45%,"20,900",-79%,"22,700",-79%,"5,195",-72.10%,"563,725",-39.50%
6/13/2020,"545,333",-83.00%,"706,800",-50%,"25,400",-79%,"32,400",-80%,"7,794",-56.60%,"631,065",-37.50%
06/12/2020,"898,314",-84.30%,"966,300",-57%,"45,100",-86%,"33,700",-89%,"13,224",-54.20%,"765,492",-26.50%
06/11/2020,"819,873",-85.60%,"830,100",-62%,"41,000",-88%,"29,100",-90%,"12,514",-57.60%,"656,696",-32.40%
06/10/2020,"858,782",-85.40%,"914,700",-61%,"43,100",-87%,"30,800",-90%,"13,616",-57.50%,"680,270",-30.60%
06/09/2020,"843,968",-85.30%,"916,900",-59%,"42,300",-87%,"29,500",-90%,"12,869",-56.20%,"680,462",-29.10%
06/08/2020,"806,138",-84.70%,"863,400",-58%,"42,600",-87%,"30,500",-90%,"11,957",-54.10%,"644,830",-26.50%
06/07/2020,"378,085",-85.40%,"531,900",-51%,"16,800",-83%,"18,500",-83%,"4,650",-74.10%,"538,419",-39.60%
06/06/2020,"464,207",-85.80%,"648,000",-54%,"18,100",-85%,"23,600",-85%,"6,591",-63.10%,"551,793",-43.00%
06/05/2020,"704,825",-87.60%,"772,900",-65%,"33,500",-90%,"25,200",-91%,"11,698",-59.50%,"643,562",-37.60%
06/04/2020,"728,018",-87.30%,"797,700",-63%,"29,800",-91%,"25,500",-91%,"12,000",-59.80%,"650,868",-35.20%
06/03/2020,"683,037",-88.10%,"741,200",-68%,"32,500",-90%,"23,500",-92%,"11,962",-61.30%,"582,624",-39.70%
06/02/2020,"695,276",-87.40%,"724,400",-66%,"33,800",-90%,"24,600",-92%,"11,206",-62.20%,"579,412",-39.10%
06/01/2020,"688,520",-87.60%,"764,300",-66%,"34,300",-90%,"24,500",-92%,"10,760",-62.20%,"595,060",-37.80%
5/31/2020,"344,428",-86.40%,"468,300",-57%,"13,600",-86%,"14,700",-86%,"4,216",-76.70%,"495,488",-44.70%
5/30/2020,"426,755",-86.50%,"622,000",-56%,"15,600",-87%,"20,300",-87%,"6,143",-64.60%,"537,180",-44.40%
5/29/2020,"658,353",-88.60%,"720,800",-67%,"25,100",-92%,"21,200",-93%,"10,185",-63.50%,"598,608",-43.00%
5/28/2020,"659,248",-88.50%,"710,800",-68%,"25,200",-92%,"20,400",-93%,"10,030",-65.00%,"584,629",-40.10%
5/27/2020,"675,705",-88.10%,"719,200",-67%,"26,500",-92%,"21,000",-93%,"11,088",-62.30%,"601,140",-36.60%
5/26/2020,"657,939",-87.90%,"709,000",-67%,"26,700",-92%,"21,800",-92%,"9,875",-65.10%,"587,270",-36.60%
5/25/2020,"394,359",-84.90%,"531,600",-54%,"19,300",-94%,"19,000",-93%,"5,428",-49.70%,"445,015",-43.50%
5/24/2020,"320,376",-87.40%,"461,200",-57%,"11,900",-88%,"14,100",-86%,"4,117",-77.70%,"461,171",-47.40%
5/23/2020,"336,250",-88.80%,"460,700",-65%,"11,000",-91%,"14,000",-91%,"5,550",-65.00%,"394,091",-56.40%
5/22/2020,"634,929",-88.30%,"690,200",-69%,"22,800",-93%,"19,900",-93%,"9,782",-64.80%,"626,984",-40.40%
5/21/2020,"630,367",-88.90%,"655,300",-70%,"22,600",-93%,"19,200",-93%,"9,731",-67.30%,"585,553",-42.20%
5/20/2020,"624,793",-89.40%,"654,800",-72%,"22,200",-93%,"18,500",-94%,"10,224",-67.30%,"542,409",-45.30%
5/19/2020,"611,951",-89.60%,"643,600",-72%,"21,600",-93%,"18,700",-93%,"9,290",-69.10%,"524,483",-45.90%
5/18/2020,"596,505",-89.30%,"624,200",-72%,"22,100",-93%,"19,200",-93%,"8,969",-67.50%,"505,315",-47.70%
5/17/2020,"287,755",-89.00%,"413,500",-63%,"8,800",-91%,"3,300",-97%,"3,577",-80.90%,"391,606",-58.70%
5/16/2020,"361,329",-89.40%,"530,600",-63%,"11,100",-91%,"18,400",-88%,"5,947",-66.30%,"477,098",-52.10%
5/15/2020,"588,784",-89.70%,"671,500",-70%,"20,100",-94%,"45,300",-84%,"9,473",-66.90%,"562,991",-46.60%
5/14/2020,"568,315",-90.40%,"616,000",-74%,"19,300",-94%,"16,400",-94%,"8,855",-70.60%,"520,395",-49.00%
5/13/2020,"566,333",-90.40%,"611,300",-74%,"19,400",-94%,"17,200",-94%,"9,437",-70.50%,"509,243",-47.90%
05/12/2020,"554,286",-90.40%,"594,900",-74%,"19,000",-94%,"16,700",-94%,"8,271",-72.10%,"488,406",-47.90%
05/11/2020,"521,702",-90.40%,"553,300",-74%,"18,300",-94%,"16,700",-94%,"7,636",-71.00%,"458,042",-49.40%
05/10/2020,"272,353",-86.90%,"386,000",-54%,"8,000",-92%,"9,200",-91%,"3,962",-79.80%,"415,868",-51.20%
05/09/2020,"317,372",-90.10%,"462,400",-68%,"7,700",-94%,"11,100",-93%,"5,055",-72.20%,"371,426",-62.60%
05/08/2020,"526,865",-90.70%,"573,700",-75%,"15,700",-95%,"15,200",-95%,"8,656",-69.60%,"483,831",-52.60%
05/07/2020,"536,003",-90.90%,"605,600",-74%,"16,100",-95%,"16,200",-94%,"8,509",-72.40%,"488,836",-50.50%
05/06/2020,"509,646",-91.30%,"538,800",-78%,"14,500",-95%,"14,700",-95%,"8,832",-72.30%,"444,179",-53.80%
05/05/2020,"522,979",-91.00%,"583,400",-75%,"13,300",-96%,"15,500",-95%,"8,445",-72.70%,"462,086",-50.60%
05/04/2020,"512,763",-90.90%,"578,300",-75%,"11,200",-97%,"15,800",-94%,"8,287",-70.70%,"447,424",-51.80%
05/03/2020,"259,199",-88.90%,"375,900",-55%,"3,300",-97%,"7,600",-93%,"3,263",-81.40%,"353,314",-55.70%
05/02/2020,"326,354",-89.90%,"478,600",-66%,"4,000",-97%,"10,900",-93%,"5,493",-68.80%,"401,938",-57.00%
05/01/2020,"495,312",-91.40%,"555,300",-75%,"6,200",-98%,"12,400",-96%,"8,332",-71.00%,"445,621",-55.90%
4/30/2020,"466,633",-92.10%,"488,800",-79%,"9,300",-97%,"14,400",-95%,"7,253",-75.50%,"405,169",-58.80%
4/29/2020,"478,589",-91.80%,"519,600",-78%,"9,100",-97%,"14,800",-95%,"7,844",-74.50%,"410,502",-56.90%
4/28/2020,"490,073",-91.50%,"555,600",-76%,"9,200",-97%,"15,400",-95%,"7,542",-74.50%,"436,347",-53.00%
4/27/2020,"463,700",-91.70%,"518,400",-77%,"8,800",-97%,"15,000",-95%,"6,922",-74.60%,"384,124",-57.60%
4/26/2020,"219,096",-90.90%,"293,500",-70%,"1,900",-98%,"5,400",-95%,"2,506",-85.70%,"231,541",-72.40%
4/25/2020,"295,836",-90.90%,"430,800",-68%,"2,900",-97%,"9,100",-94%,"4,719",-71.20%,"350,300",-62.00%
4/24/2020,"444,644",-91.20%,"475,400",-73%,"7,800",-97%,"13,200",-95%,"7,040",-72.30%,"386,935",-57.10%
4/23/2020,"454,300",-91.70%,"487,300",-75%,"8,400",-97%,"13,800",-95%,"6,969",-75.10%,"386,938",-58.90%
4/22/2020,"459,574",-91.50%,"518,900",-74%,"8,700",-97%,"14,100",-95%,"7,496",-74.40%,"398,703",-57.70%
4/21/2020,"422,860",-92.20%,"450,900",-78%,"8,300",-97%,"13,700",-95%,"6,613",-76.10%,"356,099",-61.80%
4/20/2020,"438,622",-91.10%,"498,700",-73%,"8,900",-97%,"14,800",-95%,"7,050",-70.50%,"371,776",-59.60%
4/19/2020,"224,751",-90.40%,"318,100",-68%,"2,200",-98%,"6,000",-94%,"2,742",-85.80%,"276,406",-68.60%
4/18/2020,"254,792",-91.00%,"352,000",-71%,"2,400",-98%,"7,200",-95%,"4,202",-71.60%,"254,735",-69.80%
4/17/2020,"433,106",-90.90%,"470,300",-73%,"8,300",-97%,"13,500",-95%,"7,048",-71.20%,"378,350",-60.80%
4/16/2020,"421,013",-92.90%,"447,000",-80%,"8,500",-97%,"13,800",-95%,"6,563",-77.80%,"346,342",-65.40%
4/15/2020,"419,851",-93.00%,"454,100",-81%,"8,600",-97%,"13,800",-95%,"6,928",-78.00%,"340,213",-64.90%
4/14/2020,"430,946",-92.70%,"470,900",-80%,"8,800",-97%,"14,100",-95%,"6,585",-78.10%,"356,104",-62.40%
4/13/2020,"363,961",-93.50%,"347,800",-84%,"8,200",-97%,"13,000",-95%,"6,205",-77.80%,"284,609",-68.70%
04/12/2020,"198,693",-92.00%,"279,100",-72%,"2,200",-98%,"5,100",-95%,"2,525",-86.40%,"217,871",-74.40%
04/11/2020,"257,467",-92.20%,"378,200",-73%,"2,700",-98%,"7,600",-95%,"4,235",-76.00%,"254,755",-73.10%
04/10/2020,"400,947",-93.00%,"414,100",-81%,"8,200",-97%,"13,000",-95%,"5,378",-81.50%,"314,100",-68.60%
04/09/2020,"405,325",-93.00%,"401,900",-83%,"8,400",-97%,"12,900",-96%,"6,243",-80.10%,"303,481",-68.80%
04/08/2020,"428,206",-92.70%,"431,700",-82%,"9,000",-97%,"13,500",-95%,"6,950",-78.30%,"324,882",-65.80%
04/07/2020,"435,718",-92.40%,"441,000",-81%,"9,300",-97%,"14,100",-95%,"7,041",-76.70%,"335,470",-63.30%
04/06/2020,"446,273",-92.00%,"454,900",-80%,"10,100",-97%,"14,400",-95%,"7,093",-75.00%,"335,769",-63.10%
04/05/2020,"227,603",-90.90%,"299,600",-70%,"3,000",-97%,"5,600",-95%,"2,763",-85.60%,"209,152",-76.60%
04/04/2020,"282,703",-91.40%,"383,400",-73%,"3,700",-97%,"8,100",-95%,"4,375",-75.50%,"243,323",-74.00%
04/03/2020,"484,200",-91.50%,"483,800",-78%,"9,700",-97%,"13,200",-95%,"7,794",-72.70%,"340,273",-65.10%
04/02/2020,"486,468",-91.80%,"472,700",-80%,"10,100",-97%,"13,700",-95%,"7,077",-77.50%,"339,734",-65.20%
04/01/2020,"514,201",-91.30%,"495,400",-79%,"10,500",-97%,"13,600",-95%,"8,151",-74.80%,"342,222",-63.30%
3/31/2020,"509,149",-91.20%,"514,300",-78%,,,,,"7,672",-74.30%,"337,626",-62.70%
3/30/2020,"546,355",-90.20%,"563,900",-75%,,,,,"8,084",-71.70%,"344,690",-61.60%
3/29/2020,"264,119",-88.30%,"306,800",-69%,,,,,"3,374",-80.60%,"197,154",-75.80%
3/28/2020,"332,993",-89.80%,"403,700",-71%,,,,,"4,491",-74.00%,"240,702",-74.10%
3/27/2020,"658,312",-88.20%,"641,800",-71%,,,,,"8,409",-70.60%,"396,778",-59.80%
3/26/2020,"681,923",-88.20%,"646,100",-72%,,,,,"8,795",-71.20%,"390,117",-59.70%
3/25/2020,"691,604",-87.90%,"618,000",-73%,,,,,"9,512",-69.80%,"375,767",-59.40%
3/24/2020,"743,314",-86.90%,"657,800",-72%,,,,,"9,133",-69.90%,"395,493",-56.30%
3/23/2020,"711,138",-86.90%,"578,200",-74%,,,,,"9,902",-65.20%,"361,514",-59.30%
3/22/2020,"409,364",-83.10%,"378,900",-65%,,,,,"4,824",-73.90%,"277,051",-68.20%
3/21/2020,"620,662",-79.50%,"564,900",-57%,,,,,"6,467",-60.80%,"382,993",-56.70%
3/20/2020,"1,312,249",-76.10%,"868,600",-59%,,,,,"12,744",-54.70%,"563,262",-41.60%
3/19/2020,"1,425,564",-74.40%,"933,600",-57%,,,,,"14,116",-51.70%,"569,696",-38.00%
3/18/2020,"1,629,413",-71.40%,"1,059,500",-55%,,,,,"15,942",-50.00%,"634,853",-31.20%
3/17/2020,"1,793,359",-68.20%,"1,094,900",-53%,,,,,"18,173",-40.60%,"650,445",-28.40%
3/16/2020,"2,184,296",-59.50%,"1,237,300",-45%,,,,,"21,145",-24.40%,"708,870",-20.60%
3/15/2020,"1,159,079",-52.40%,"711,600",-31%,,,,,"12,480",-31.70%,"535,988",-36.40%
3/14/2020,"1,672,800",-47.50%,"993,300",-27%,,,,,"13,394",-20.90%,"631,101",-30.20%
3/13/2020,"3,496,765",-38.00%,"1,715,700",-23%,,,,,"26,640",-8.20%,"860,419",-13.80%
03/12/2020,"4,163,674",-28.40%,"1,938,400",-18%,,,,,"30,814",-1.50%,"881,188",-8.70%
03/11/2020,"4,712,462",-18.50%,"2,113,000",-10%,,,,,"32,198",0.60%,"866,706",-6.70%
03/10/2020,"4,883,623",-15.10%,"2,112,000",-9%,,,,,"31,315",2.10%,"855,585",-5.80%
03/09/2020,"4,989,635",-10.40%,"2,124,800",-7%,,,,,"29,609",2.70%,"860,073",-4.70%
03/08/2020,"2,122,328",0.40%,"957,200",7%,,,,,"19,477",13.40%,"765,084",-0.60%
03/07/2020,"2,817,082",-9.60%,"1,249,100",-9%,,,,,"18,117",3.70%,"827,908",-7.60%
03/06/2020,"5,204,732",-8.40%,"2,066,700",-7%,,,,,"30,970",6.70%,"945,408",-4.00%
03/05/2020,"5,513,656",-4.40%,"2,244,500",-1%,,,,,"33,209",7.10%,"929,298",-0.90%
03/04/2020,"5,515,945",-3.20%,"2,177,200",-3%,,,,,"34,297",8.70%,"905,558",-0.10%
03/03/2020,"5,498,556",-3.90%,"2,228,600",-3%,,,,,"32,767",6.90%,"882,175",-1.70%
03/02/2020,"5,347,055",23.90%,"2,209,100",40%,,,,,"30,338",28.20%,"874,620",27.50%
03/01/2020,"2,214,601",-1.30%,"984,900",1%,,,,,"19,922",18.80%,"786,961",7.80%
